지점명,지점주소,y,x
세븐일레븐 마포스토리점,서울 마포구 월드컵북로 13,37.5561154802235,126.920160129264
세븐일레븐 한남UN점,서울 용산구 독서당로 86,37.5342832610986,127.010094699247
세븐일레븐 천호사거리점,서울 강동구 천호대로157길 26,37.5388374796553,127.127552334563
세븐일레븐 홍대스타점,서울 마포구 어울마당로 74,37.5515597604562,126.921631639385
세븐일레븐 공릉점,서울 노원구 공릉로 101,37.6193014358931,127.077841683528
세븐일레븐 방배8호점,서울 서초구 방배중앙로 185,37.4955690256417,126.985626706086
세븐일레븐 연남숲길점,서울 마포구 성미산로23길 16-5 지하 101호,37.5644945951946,126.921407563625
세븐일레븐 마포구청점,서울 마포구 월드컵로 204,37.5653992058145,126.9021317644
세븐일레븐 방이5호점,서울 송파구 위례성대로16길 21,37.5108590063672,127.124366471543
세븐일레븐 당산역본점,서울 영등포구 당산로 237 그린빌오피스텔 101호,37.5349150093689,126.902232712073
세븐일레븐 소공점,서울 중구 남대문로7길 11,37.5636892672995,126.981249523015
세븐일레븐 역삼언주로점,서울 강남구 언주로85길 24 1층,37.5010140537786,127.041259156695
세븐일레븐 홍익대2호점,서울 마포구 와우산로 63,37.5502727848665,126.922878599624
세븐일레븐 무교점,서울 중구 무교로 12,37.5670466069498,126.979375711608
세븐일레븐 DH아너힐즈점,서울 강남구 삼성로 11 디에이치아너힐즈 지하1층 101호,37.4841345111774,127.068092458881
세븐일레븐 봉천1호점,서울 관악구 남부순환로 1766,37.481700832272,126.946114635644
세븐일레븐 서강대르메이에르점,서울 마포구 백범로 13,37.5534472643432,126.937496367054
세븐일레븐 사당역점,서울 관악구 남현1길 66,37.4757184581365,126.981123762876
세븐일레븐 서초샤르망점,서울 서초구 효령로55길 28,37.4861327609484,127.01447946651
세븐일레븐 서초교대역점,서울 서초구 서초중앙로 122,37.49269457008,127.014148621273
세븐일레븐 대치삼화점,서울 강남구 테헤란로114길 20 1층 101호,37.5083543250525,127.066764125492
세븐일레븐 세종대로카페점,"서울 중구 세종대로 76-1 1, 2층",37.5629554535728,126.976940198959
세븐일레븐 교대역점,서울 서초구 서초대로50길 24 청화빌딩 1층,37.492088163799,127.01281837401
세븐일레븐 리버파크점,"서울 동작구 만양로3길 20 신동아리버파크빌 2층 2동 201,202호",37.5082107065725,126.946118884633
세븐일레븐 신사5호점,서울 강남구 강남대로162길 45,37.5211439578293,127.021984150385
세븐일레븐 당인동점,서울 마포구 어울마당로 26,37.5474999833621,126.919932359364
세븐일레븐 교대역사거리점,서울 서초구 서초중앙로 138,37.4942438734072,127.013967192463
세븐일레븐 방배효령점,서울 서초구 효령로 165,37.4825381525088,127.002237861854
세븐일레븐 성북본점,서울 성북구 한천로99길 45 1층 101호,37.620456070339,127.049825331313
세븐일레븐 서울복합물류단지점,서울 송파구 송파대로 55 B동 1층,37.4741646654933,127.123881817499
세븐일레븐 강서등촌점,서울 강서구 공항대로41길 43 새한프라자101호,37.5599073490843,126.845540896294
세븐일레븐 연희점,서울 서대문구 연희로 177 연희빌딩,37.5730235310553,126.935247820456
세븐일레븐 역삼한은점,서울 강남구 테헤란로 204 1층,37.5010077030074,127.038726929619
세븐일레븐 서교한우물점,서울 마포구 잔다리로 111 1층,37.5568160564594,126.914071790316
세븐일레븐 서초중앙점,서울 서초구 반포대로23길 14 매강빌딩 1층,37.4891094080713,127.007981724198
세븐일레븐 평창점,서울 종로구 평창11길 17,37.6069645081672,126.965957885154
세븐일레븐 역삼한서점,서울 강남구 테헤란로38길 11 유정빌딩,37.5012958846463,127.041782586457
세븐일레븐 마포성산점,서울 마포구 성미산로 23,37.5587301952762,126.910872192372
세븐일레븐 청담7호점,서울 강남구 도산대로96길 13,37.5236628622669,127.050961827844
세븐일레븐 상암KLID타워점,서울 마포구 성암로 301 1층,37.582468718569,126.887937496441
세븐일레븐 양재4호점,서울 서초구 매헌로 42,37.4647028057377,127.03440229927
세븐일레븐 도선까페점,서울 성동구 왕십리로 326 1층 101호,37.5627533594485,127.033895108318
세븐일레븐 강서화곡점,서울 강서구 곰달래로 111,37.5306260031811,126.845280332399
세븐일레븐 양재시민의숲역점,서울 서초구 강남대로12길 23-48,37.470407085103,127.039647149918
세븐일레븐 L7강남점,"서울 강남구 테헤란로 415 B101, 102호",37.5057885877997,127.051541631852
세븐일레븐 홍대클럽점,서울 마포구 어울마당로 58 1층,37.5501049659351,126.921296156465
세븐일레븐 봉천해주점,서울 관악구 봉천로 466 해주타워 1층,37.4820210080697,126.951638187547
세븐일레븐 풍납사거리점,서울 송파구 올림픽로 509,37.5278698593939,127.11839160464
세븐일레븐 종로향기점,서울 종로구 난계로29길 28,37.574281504827,127.021654609122
세븐일레븐 마포합정점,서울 마포구 양화로 27,37.54915074891,126.912262500924
세븐일레븐 영등포역점,서울 영등포구 영신로20길 4,37.5149390026773,126.90820609914
세븐일레븐 공릉시장점,서울 노원구 동일로 1040 서창빌딩 1층,37.622930078092,127.074196748017
세븐일레븐 청담그린점,서울 강남구 도산대로81길 39,37.5267239823395,127.04668714589
세븐일레븐 면목점,서울 중랑구 면목로 456,37.5925678878,127.086896875593
세븐일레븐 역삼18호점,서울 강남구 도곡로37길 16,37.494841287393,127.045124742548
세븐일레븐 역삼보브점,서울 강남구 봉은사로 114,37.5047103337145,127.026112563558
세븐일레븐 광산사거리점,서울 강북구 한천로 1081,37.6424740905467,127.022967881164
세븐일레븐 동교숲길점,서울 마포구 동교로 232 1층,37.5605835663658,126.924469146205
세븐일레븐 홍대중앙점,서울 마포구 어울마당로 130 기린빌딩 1층,37.5558151632052,126.924521492277
세븐일레븐 강서화곡중앙점,서울 강서구 화곡로 130,37.540226072686,126.836199087429
세븐일레븐 논현14호점,서울 강남구 논현로149길 35,37.5176224400878,127.025735747444
세븐일레븐 홍대역점,서울 마포구 홍익로 19,37.5540114950545,126.922632560792
세븐일레븐 고대본점,서울 성북구 고려대로24길 52 고려빌딩 1층,37.5838270525856,127.02932019294
세븐일레븐 동묘제일점,서울 종로구 종로 371,37.57413750618,127.01859925529
세븐일레븐 중국대사관점,"서울 중구 남대문로 68 1,2층",37.5632323502622,126.982275208021
세븐일레븐 등촌현대점,서울 강서구 공항대로61길 13,37.5516991524549,126.865393400996
세븐일레븐 롯데캐논점,서울 강남구 테헤란로 607,37.5095109420719,127.064001573733
세븐일레븐 역삼코넬점,서울 강남구 언주로93길 28-8,37.5039006268266,127.039618259223
세븐일레븐 마포노고산점,서울 마포구 신촌로14길 5,37.5556680229524,126.933982393647
세븐일레븐 역삼타운점,서울 강남구 강남대로84길 28 청송빌딩 1층,37.4969888147021,127.030915425068
세븐일레븐 훼미리점,서울 송파구 중대로 24,37.488125746629,127.111059136873
세븐일레븐 대치6호점,서울 강남구 삼성로85길 19 대치빌딩 1층,37.5047182758352,127.055726266544
세븐일레븐 녹번중앙점,서울 은평구 서오릉로 15,37.6025259101078,126.925918306991
세븐일레븐 여의중앙점,서울 영등포구 국제금융로8길 19,37.5207615513454,126.929136630611
세븐일레븐 시그니처타워점,서울 중구 청계천로 100 시그니처타워 지하 1층,37.5674999604085,126.988422084893
세븐일레븐 목동서로점,서울 양천구 목동서로 252,37.5248122420141,126.869242790484
세븐일레븐 오금본점,서울 송파구 위례성대로 180 한국유도원빌딩 1층,37.510129171453,127.130972166064
세븐일레븐 망원망리단길점,서울 마포구 망원로6길 49 1층,37.5547708329087,126.903952121467
세븐일레븐 서울대제일점,서울 관악구 남부순환로 1830,37.4807765220933,126.953172883235
세븐일레븐 홍대서교점,서울 마포구 월드컵북로1길 18 1층,37.5550936908762,126.920207167536
세븐일레븐 신사대로점,서울 강남구 도산대로 157 신웅타워2 1층,37.5190318997662,127.025642795762
세븐일레븐 강서블루나인점,서울 강서구 양천로 583 우림블루나인 A동 106호,37.5571161918617,126.864347419732
세븐일레븐 한남스타점,서울 용산구 대사관로 72 1층 5호,37.5330952126175,127.005947068599
세븐일레븐 대치11호점,서울 강남구 테헤란로104길 12,37.5082669492803,127.064947515292
세븐일레븐 망원제일점,서울 마포구 포은로 75,37.5538237462899,126.905567945655
세븐일레븐 상봉망우점,서울 중랑구 상봉로 108,37.5954420338517,127.093292722403
세븐일레븐 매봉점,서울 강남구 논현로28길 56,37.4846139138939,127.046380977217
세븐일레븐 서초역사거리점,서울 서초구 서초대로 248 1층,37.4918755318064,127.008820261085
세븐일레븐 화곡5호점,서울 강서구 강서로17길 62,37.5326508557414,126.842376515484
세븐일레븐 마포홍익점,서울 마포구 홍익로6길 52,37.5563118078566,126.924403968774
세븐일레븐 등촌2호점,서울 강서구 강서로56가길 53,37.5619273819344,126.840192675211
세븐일레븐 역삼특허점,서울 강남구 테헤란로8길 46,37.4958734486653,127.032299558363
세븐일레븐 구의3호점,서울 광진구 자양로18길 26,37.5376597958936,127.08511035123
세븐일레븐 등촌5호점,서울 강서구 강서로68길 12 인방빌딩 1층,37.5662197525578,126.841550722394
세븐일레븐 잠원제일점,서울 서초구 나루터로 68,37.5152776528889,127.017439711544
세븐일레븐 옥수2호점,서울 성동구 한림말3길 16,37.5425541677272,127.015878203164
세븐일레븐 청담2점,서울 강남구 선릉로132길 7,37.5181699167556,127.041730457463
세븐일레븐 역삼하이츠점,서울 강남구 테헤란로25길 6-9,37.5012978108444,127.03592625357
세븐일레븐 논현한영점,서울 강남구 봉은사로29길 4,37.50805827766,127.034879682604
세븐일레븐 뚝섬역점,서울 성동구 상원길 19 신한IT타워,37.5458788603366,127.048772838829
세븐일레븐 류마타워점,서울 강서구 공항대로 164 류마타워 103호,37.5593259702511,126.825514827621
세븐일레븐 사당중앙점,서울 동작구 동작대로3길 10,37.4784618941439,126.980824601943
세븐일레븐 역삼발렌타인점,서울 강남구 강남대로66길 7,37.4919179898495,127.031438353458
세븐일레븐 역삼진선점,서울 강남구 선릉로85길 8 유화빌딩 1층,37.5028661452318,127.048859862095
세븐일레븐 창동중앙점,서울 도봉구 노해로69길 21,37.6532630563152,127.050563549505
세븐일레븐 문정4호점,서울 송파구 송이로36길 68,37.4834104090022,127.126563030111
세븐일레븐 공릉역점,서울 노원구 동일로 1078 대경상운 1층,37.6261419906738,127.073066569824
세븐일레븐 연신내행복점,서울 은평구 통일로80길 9,37.6200826940713,126.921631696853
세븐일레븐 서울대동아점,서울 관악구 관악로 167,37.4803380590661,126.952192926888
세븐일레븐 신림문화점,서울 관악구 신림동길 15,37.4871164726381,126.927051749671
세븐일레븐 송파최고점,서울 송파구 백제고분로45길 22,37.5100373725299,127.109347405387
세븐일레븐 마로니에공원점,서울 종로구 대학로 116 1층,37.5815326869888,127.002336486451
세븐일레븐 목동햇빛점,서울 양천구 목동중앙남로3길 65,37.5355494909663,126.863918308159
세븐일레븐 수유메인점,서울 강북구 도봉로87길 3,37.638095126176,127.025170304196
세븐일레븐 논현본점,서울 강남구 도산대로30길 8,37.5193047834091,127.029261670957
세븐일레븐 이태원중앙점,서울 용산구 회나무로26길 3,37.5394910914337,126.991669839962
세븐일레븐 용산해링턴스퀘어점,"서울 용산구 서빙고로 17 상가동 1층 22, 23호",37.5269056148241,126.966566172294
세븐일레븐 노량진역점,서울 동작구 노량진로 146 이데아빌딩 1층,37.5132600487093,126.942167390114
세븐일레븐 수유제일점,서울 강북구 도봉로76길 11,37.633033915097,127.024388022599
세븐일레븐 자양강변점,서울 광진구 뚝섬로54길 46,37.5296817872955,127.07996441859
세븐일레븐 홍대7번출구점,서울 마포구 와우산로35길 55,37.5564404648079,126.927704130209
세븐일레븐 마포연남중앙점,서울 마포구 동교로 239,37.5612661881516,126.924089410133
세븐일레븐 논현영동점,서울 강남구 강남대로128길 34 1층,37.510478204132,127.0248731276
세븐일레븐 서강레지덴시아점,서울 마포구 백범로 28 1층,37.5520644056727,126.936974571542
세븐일레븐 목동힐스테이트점,서울 양천구 중앙로36길 15 제상가 2동 130호,37.5207753299155,126.855945462003
세븐일레븐 서초테마점,서울 서초구 남부순환로347길 20,37.4853207803346,127.031887180342
세븐일레븐 홍제천점,서울 서대문구 홍제내길 128,37.5880207394477,126.936722236706
세븐일레븐 홍대5번출구점,서울 마포구 신촌로2안길 2 1층,37.5575755851432,126.927335549268
세븐일레븐 건대예술점,서울 광진구 능동로 143,37.5435937200434,127.072067901454
세븐일레븐 신촌원룸점,서울 서대문구 성산로22길 22 1층,37.5598823811142,126.934043527616
세븐일레븐 서교2호점,서울 마포구 독막로7길 16,37.5485576449227,126.918977491026
세븐일레븐 강남제일점,서울 서초구 서초대로77길 43 1층,37.5013914688515,127.024910034409
세븐일레븐 마포동교로점,서울 마포구 동교로25길 28 1층 102호,37.5583302651928,126.921164029035
세븐일레븐 관악점,서울 관악구 관악로 192 1층,37.4821877723896,126.953630019765
세븐일레븐 서경대본점,서울 성북구 서경로 99 1층,37.6117380725023,127.013151136271
세븐일레븐 상도신동아점,서울 동작구 만양로 9-1,37.505687217104,126.946815121177
세븐일레븐 역삼14호점,서울 강남구 논현로105길 53,37.5051738779224,127.030002937025
세븐일레븐 신당오거리점,서울 중구 다산로42길 12,37.5647290186924,127.016951737091
세븐일레븐 도봉산길점,서울 도봉구 도봉산길 12,37.687595297548,127.04442475307
세븐일레븐 신림패션점,서울 관악구 신림로 373 1층,37.4874036278859,126.928532582324
세븐일레븐 명동성당점,서울 중구 명동길 58,37.5637469112035,126.985600488199
세븐일레븐 번동점,서울 강북구 덕릉로 101,37.6349999157971,127.025009402413
세븐일레븐 논현경복점,서울 강남구 봉은사로43길 21,37.5105676895703,127.039389463979
세븐일레븐 강동상일여고점,서울 강동구 상일로7길 6,37.5500332299567,127.17242755528
세븐일레븐 신길정원점,서울 영등포구 신길로38길 12 1층,37.5058309264989,126.91223066141
세븐일레븐 서초방배점,서울 서초구 서초대로15길 47 1층,37.4886586572712,126.988952588488
세븐일레븐 중곡프리미엄점,서울 광진구 긴고랑로 60,37.5618816134715,127.082685560137
세븐일레븐 서교3호점,서울 마포구 동교로 129,37.5552462368365,126.916567586749
세븐일레븐 성북점,서울 성북구 선잠로 16,37.5946517004435,126.999123578862
세븐일레븐 노량진삼익점,서울 동작구 만양로 88,37.5113437792561,126.944581774322
세븐일레븐 서초페이토점,서울 서초구 강남대로 265 강남로드빌딩 1층,37.4870724752991,127.032384528867
세븐일레븐 논현4호점,서울 강남구 논현로 720,37.5163896957168,127.029906868064
세븐일레븐 강남역TGI점,서울 서초구 서초대로 405,37.4976597551933,127.02540999235
세븐일레븐 망원2호점,서울 마포구 월드컵로 161,37.561962341184,126.904422786724
세븐일레븐 방이제일점,서울 송파구 오금로11길 63,37.5150011136495,127.114088053359
세븐일레븐 가락중앙점,서울 송파구 송이로17길 54-28,37.5008420147913,127.126302707931
세븐일레븐 종로삼일대로점,서울 종로구 삼일대로 393-1 1층,37.5697729797084,126.987419730647
세븐일레븐 송파방이점,"서울 송파구 백제고분로50길 35 1층 1,2호",37.5132381352547,127.118645493611
세븐일레븐 용답본점,서울 성동구 천호대로 286,37.566591563558,127.052476906905
세븐일레븐 용두사거리점,서울 동대문구 왕산로 68,37.5774850954352,127.030898977222
세븐일레븐 대림이가채점,서울 영등포구 디지털로70길 16 1층,37.4930834918701,126.906473228792
세븐일레븐 신림허브그린점,서울 관악구 신림로 344,37.4851501707989,126.929977240424
세븐일레븐 구로공단점,서울 구로구 시흥대로 571,37.48397178331,126.901809898362
세븐일레븐 하나아파텔점,서울 영등포구 도영로 18,37.5080895699175,126.895517681075
세븐일레븐 강남YMCA점,서울 강남구 봉은사로37길 28,37.5100512470394,127.035957932961
세븐일레븐 은평구산점,서울 은평구 서오릉로 123,37.6101379435253,126.918698492286
세븐일레븐 르네상스점,서울 강남구 테헤란로37길 15,37.5031531623026,127.040387923823
세븐일레븐 대치7호점,서울 강남구 삼성로86길 16,37.5057566433961,127.058784989922
세븐일레븐 논현6호점,서울 강남구 도산대로46길 11,37.521291505069,127.036652237866
세븐일레븐 서초국제점,서울 서초구 서초중앙로2길 35,37.484096350928,127.019192893295
세븐일레븐 서초양재점,서울 서초구 동산로 9-9,37.4695149707681,127.04025021892
세븐일레븐 신사로데오점,서울 강남구 언주로172길 15 1층,37.5278395400345,127.035168665565
세븐일레븐 역삼MG스타점,서울 강남구 테헤란로 335,37.5047542755875,127.048242792455
세븐일레븐 여의도메리어트호텔점,서울 영등포구 여의대로 8 지하 1층 105호,37.5212177736272,126.918583649607
세븐일레븐 성신여대정문점,서울 성북구 보문로34나길 3,37.5915013433268,127.020349210598
세븐일레븐 봉천태영점,서울 관악구 보라매로 4,37.4899597205932,126.92797868299
세븐일레븐 석계점,서울 노원구 석계로 9 선호빌딩 1층 1호,37.6156906988613,127.064436681005
세븐일레븐 군자역점,서울 광진구 천호대로 533 1층,37.5581489254821,127.077838686866
세븐일레븐 화양사거리점,서울 광진구 동일로 166,37.5469048177856,127.066990412402
세븐일레븐 신림대학스타점,서울 관악구 호암로24길 6,37.469902376597,126.933544333443
세븐일레븐 송파역점,서울 송파구 송파대로38길 2-9 101호,37.5001489959029,127.11244838162
세븐일레븐 논현13호점,서울 강남구 학동로43길 14,37.517063459454,127.037507697417
세븐일레븐 관악신사점,서울 관악구 난곡로 318,37.4824196130979,126.91468461363
세븐일레븐 신논현강남점,"서울 강남구 봉은사로 140 1층 101~103, 116~118호",37.50591735574,127.030127529861
세븐일레븐 영등포3호점,서울 영등포구 영중로 134-1,37.5282942859976,126.906134235556
세븐일레븐 삼성8호점,서울 강남구 봉은사로63길 11,37.5121319752421,127.046894317559
세븐일레븐 강북오현로점,서울 강북구 오현로25다길 73,37.6260446248323,127.033803976793
세븐일레븐 신천역점,서울 송파구 백제고분로7길 57 1층 101호,37.5109062736982,127.085200874582
세븐일레븐 서초우면점,서울 서초구 바우뫼로6길 8-4,37.4698667908388,127.025424094825
세븐일레븐 수유본점,서울 강북구 도봉로77길 25,37.6335938520126,127.021754851773
세븐일레븐 양재7호점,서울 서초구 마방로 12,37.4738535929322,127.040288947605
세븐일레븐 시립대본점,서울 동대문구 서울시립대로 160,37.5834168787586,127.05454674953
세븐일레븐 관악봉천로점,서울 관악구 남부순환로 1904 1층 101호,37.477865578487,126.960689887727
세븐일레븐 성내삼성점,서울 강동구 성내로9길 35 1층,37.5304828019329,127.125083969543
세븐일레븐 논현타운점,서울 강남구 언주로147길 37,37.5191029873375,127.031259942534
세븐일레븐 상암DMC빌점,서울 마포구 월드컵북로60길 13,37.5823437577897,126.884670667242
세븐일레븐 강서양천로점,서울 강서구 양천로47나길 7,37.5715089601949,126.838366703719
세븐일레븐 남대문본점,서울 중구 세종대로 11,37.5581757507727,126.973086507413
세븐일레븐 방이최고점,서울 송파구 올림픽로30길 5 1층,37.5153397877714,127.108065882716
세븐일레븐 여의서울점,서울 영등포구 여의나루로 117 1층 103호,37.526230418785,126.931053635796
세븐일레븐 청파숙대점,서울 용산구 청파로47길 83 1층,37.5449471948774,126.965742817057
세븐일레븐 상도터널점,서울 동작구 상도로 265-30,37.5042296487526,126.948827454217
세븐일레븐 대방점,서울 동작구 등용로 119,37.5117603656289,126.931770475921
세븐일레븐 반포3호점,서울 서초구 반포대로 300-3 상화빌딩 1층,37.5057814452923,127.001236730369
세븐일레븐 북창점,서울 중구 남대문로5길 47,37.5634061843625,126.978656063809
세븐일레븐 동작성대로점,서울 동작구 성대로1길 9,37.5007346752841,126.933026543124
세븐일레븐 성북고대원룸점,서울 성북구 고려대로27길 24-1,37.5875032333791,127.029882083127
세븐일레븐 강서화곡예스점,서울 강서구 화곡로42길 35 1층,37.5459880239368,126.847481780279
세븐일레븐 논현혜인점,서울 강남구 봉은사로13길 10,37.5068184040274,127.029600394021
세븐일레븐 신사본점,서울 강남구 도산대로 124 본관 101호,37.5169129705369,127.022285492129
세븐일레븐 종로광화문점,서울 종로구 새문안로9길 21 1층,37.5712124549253,126.975620377534
세븐일레븐 방이한양점,서울 송파구 오금로 247,37.5063567070468,127.120876340354
세븐일레븐 신림법학원점,서울 관악구 신림로 77,37.470382921575,126.940725202759
세븐일레븐 신림지영점,서울 관악구 관천로 91,37.4866000850009,126.922629655521
세븐일레븐 금천본점,서울 금천구 시흥대로153길 78 1층,37.4766192284483,126.894131598018
세븐일레븐 세관사거리점,서울 강남구 언주로 708 1층 101호,37.5162828438668,127.035718971503
세븐일레븐 수유으뜸점,서울 강북구 도봉로 282,37.6335629266842,127.023735975057
세븐일레븐 여의3호점,서울 영등포구 국회대로74길 20,37.5296057693694,126.921553019468
세븐일레븐 M2강변역점,서울 광진구 강변역로 53 강변역 214-04호,37.5351692767888,127.094664569096
세븐일레븐 왕십리대로점,서울 성동구 왕십리로 289,37.5599497082343,127.036089872922
세븐일레븐 역삼15호점,서울 강남구 강남대로62길 18,37.490436294722,127.033046566352
세븐일레븐 논현11호점,서울 강남구 선릉로131길 4,37.5179716472254,127.04057757446
세븐일레븐 역삼8호점,서울 강남구 강남대로102길 11,37.5019291508086,127.026734169327
세븐일레븐 방배9호점,서울 서초구 동광로19길 19,37.4933561485567,126.988937648599
세븐일레븐 개화중앙점,서울 강서구 개화동로9길 7,37.5790190177388,126.800335834093
세븐일레븐 방배천로점,서울 서초구 방배천로20길 1,37.4840374779202,126.982912515477
세븐일레븐 삼성10호점,서울 강남구 삼성로115길 46,37.5139995036489,127.048414676269
세븐일레븐 가락신가점,서울 송파구 송이로 79,37.4989869659618,127.120139452514
세븐일레븐 관악대학촌점,서울 관악구 서림3길 70,37.4714745330092,126.941341575288
세븐일레븐 청담루나점,서울 강남구 학동로 523,37.5201167238061,127.056070402117
세븐일레븐 학동사거리점,서울 강남구 도산대로 335,37.5233938517566,127.038517338692
세븐일레븐 수유영준점,서울 강북구 한천로131길 13,37.6385866961556,127.027619775305
세븐일레븐 화곡메인점,서울 강서구 곰달래로49길 112 1층,37.5360506436133,126.855071916561
세븐일레븐 종각점,서울 종로구 삼일대로17길 51,37.5690890643134,126.984630972017
세븐일레븐 역삼창조점,서울 강남구 논현로85길 13 건영빌딩 1층,37.4991051125474,127.036253837544
세븐일레븐 가락스타점,서울 송파구 송파대로30길 21 1층,37.4952881157506,127.119646367926
세븐일레븐 용산해방촌점,서울 용산구 신흥로 57 1층,37.5435417828925,126.987350249229
세븐일레븐 은평응암점,서울 은평구 은평로 90,37.5993261527468,126.917913956403
세븐일레븐 합정역본점,서울 마포구 월드컵로1길 40,37.5494397412379,126.910755832984
세븐일레븐 서초행복점,서울 서초구 사임당로 180,37.4925789859992,127.029267185467
세븐일레븐 공덕글래드호텔점,서울 마포구 마포대로 92 A동 9층,37.5428436189268,126.95133595616
세븐일레븐 오류역점,서울 구로구 경인로20길 9,37.4954643260145,126.843960173202
세븐일레븐 관광특구점,서울 용산구 이태원로 211 1층,37.5349863516194,126.997273719969
세븐일레븐 오벨리스크점,서울 마포구 마포대로 33,37.5399847863145,126.945447452979
세븐일레븐 신림스타점,서울 관악구 신림로 322 1층,37.4829705250192,126.930101722829
세븐일레븐 서초16호점,서울 서초구 반포대로7길 23,37.482074104186,127.01087492603
세븐일레븐 마포신라스테이점,서울 마포구 마포대로 83 1층,37.5428764511925,126.949701420335
세븐일레븐 상계4호점,서울 노원구 동일로217가길 23,37.6532734267768,127.059074805477
세븐일레븐 압구정로데오점,서울 강남구 압구정로 344,37.5277013711974,127.039850205178
세븐일레븐 종로안국점,서울 종로구 윤보선길 78,37.5792754938017,126.983682560965
세븐일레븐 마포망원역점,서울 마포구 월드컵로13길 9,37.5555868459179,126.909750991276
세븐일레븐 망우점,서울 중랑구 망우로 461,37.6005970500919,127.103354113526
세븐일레븐 공릉두산힐스빌점,서울 노원구 노원로1바길 1,37.6205240752329,127.080528182052
세븐일레븐 망원보령점,서울 마포구 희우정로 111,37.5546787711163,126.900816012889
세븐일레븐 연신갈현점,서울 은평구 통일로 863-11 1층,37.6198392659872,126.919385791094
세븐일레븐 경복궁점,서울 종로구 삼청로 22 1층,37.5779186380994,126.979865731314
세븐일레븐 도봉방학역점,서울 도봉구 마들로 649-20 메인프라자 108호,37.6683516698836,127.044851810275
세븐일레븐 중곡대원여고점,서울 광진구 용마산로 93,37.5619172385564,127.087023568668
세븐일레븐 쌍문대로점,서울 도봉구 도봉로 489,37.6494018275359,127.03481207937
세븐일레븐 남대문카페점,서울 중구 남대문시장길 73,37.5608527250293,126.980000257041
세븐일레븐 중화점,서울 중랑구 동일로140길 25,37.6044335512948,127.080582745753
세븐일레븐 개봉점,서울 구로구 개봉로 67,37.491743781606,126.855638371689
세븐일레븐 망원스타점,서울 마포구 망원로 58,37.5568604023922,126.903261332764
세븐일레븐 송파중앙점,서울 송파구 삼전로13길 49,37.5077169815125,127.084960076409
세븐일레븐 서초사당역점,서울 서초구 동작대로 18,37.4781046625452,126.982091718723
세븐일레븐 영등포역사점,서울 영등포구 경인로 846 영등포역 3층,37.5156680341198,126.907665995469
세븐일레븐 상도역점,서울 동작구 상도로 274,37.5028783645425,126.947490135764
세븐일레븐 대치으뜸점,서울 강남구 삼성로76길 16,37.5040666435906,127.05965224011
세븐일레븐 수유도봉로점,서울 강북구 도봉로 388 테마빌딩 1층 107호,37.6413563761545,127.029629106136
세븐일레븐 서초14호점,서울 서초구 반포대로28길 15,37.4906021033287,127.009272526225
세븐일레븐 마포성산본점,서울 마포구 월드컵북로 69,37.5599308118771,126.916342567679
세븐일레븐 연희본점,서울 서대문구 증가로 9 범우빌딩 1층,37.5692068116788,126.931394373469
세븐일레븐 길동제일점,서울 강동구 천호대로 1203 1층 3호,37.5354021873126,127.144713101462
세븐일레븐 길동우성점,서울 강동구 천호대로193길 40 한림빌딩 101호,37.5368583491685,127.14525459951
세븐일레븐 신사4호점,서울 강남구 도산대로15길 7,37.5187420706929,127.02380815052
세븐일레븐 동대문호텔점,서울 종로구 종로 286 이스턴호텔 1층,37.5708583552678,127.010348326711
세븐일레븐 명동역점,서울 중구 퇴계로18길 6,37.5605091565002,126.98541017496
세븐일레븐 신림관천로점,서울 관악구 관천로 62-1 1층,37.4848526848197,126.925598781571
세븐일레븐 강남선릉점,서울 강남구 언주로98길 37,37.5047230080556,127.044818429379
세븐일레븐 청계스카이렉스점,서울 동대문구 청계천로 417 청계스카이렉스 101호,37.5720071392864,127.023906598956
세븐일레븐 후암카페점,서울 용산구 한강대로104라길 39,37.5491773904789,126.975991717562
세븐일레븐 신림고시촌점,서울 관악구 신림로23길 34,37.4695375367158,126.934638015039
세븐일레븐 건대입구역점,서울 광진구 아차산로 219 지상1층 일부,37.5411260816338,127.067932095125
세븐일레븐 강남푸르지오시티점,서울 강남구 테헤란로4길 6 센트럴애비뉴 1층 126호,37.4976674173806,127.029286360295
세븐일레븐 신설2호점,서울 동대문구 천호대로 7-10,37.5753932388711,127.02487172271
세븐일레븐 오류동선점,서울 구로구 오류로 86,37.4924615261049,126.84097459881
세븐일레븐 역삼5호점,서울 강남구 역삼로 151,37.4949235409555,127.035662659121
세븐일레븐 오금현대점,서울 송파구 오금로35길 18,37.5045083159374,127.12737391234
세븐일레븐 방학도깨비시장점,서울 도봉구 도당로 91,37.6656853470668,127.036944137797
세븐일레븐 논현건설회관점,서울 강남구 학동로37길 23 1층 103호,37.5168491859685,127.034295914922
세븐일레븐 신림녹두점,서울 관악구 신림로 97,37.4703171796668,126.938668968449
세븐일레븐 문정하비오1호점,"서울 송파구 송파대로 111 201동 101,102호",37.4796683841344,127.124913859704
세븐일레븐 양평점,서울 영등포구 양평로20길 5,37.5377880389175,126.895510880701
세븐일레븐 혜화점,서울 종로구 창경궁로 273,37.585795938765,127.000590551814
세븐일레븐 서초13호점,서울 서초구 반포대로24길 96,37.4888282723171,127.014017292973
세븐일레븐 연신내마에스트로점,서울 은평구 통일로 827 연신내역마에스트로 1층 105호,37.61711984093,126.922381574248
세븐일레븐 봉일시장점,서울 관악구 봉천로23나길 45,37.4869846249926,126.937874710036
세븐일레븐 봉천진용점,서울 관악구 봉천로 443 1층,37.4827616000327,126.949397919828
세븐일레븐 녹번점,서울 은평구 진흥로 184-1,37.6082455620334,126.930033015568
세븐일레븐 남대문점,서울 중구 세종대로 30 신남문빌딩 1층,37.5590077747971,126.974919816932
세븐일레븐 강남학동점,서울 강남구 언주로150길 51,37.5221662900104,127.038350529847
세븐일레븐 명동롯데점,서울 중구 명동길 3,37.5637405396691,126.982458901526
세븐일레븐 용산이안점,서울 용산구 청파로 205-26,37.5388663773281,126.969812488134
세븐일레븐 잠실캐슬골드점,서울 송파구 올림픽로 269 롯데캐슬프라자 102,37.5144273491608,127.100611434725
세븐일레븐 탑골공원점,서울 종로구 수표로 110,37.571001597126,126.989466350161
세븐일레븐 청담튼튼병원점,서울 강남구 학동로97길 20,37.521146560666,127.055518121661
세븐일레븐 대학로카페점,서울 종로구 동숭길 143 1층 101호,37.5832648449695,127.002438547712
세븐일레븐 방배점,서울 서초구 방배로 93,37.4825680382726,126.996599959153
세븐일레븐 방배중앙로점,서울 서초구 방배중앙로21길 10,37.4926051188625,126.986009253145
세븐일레븐 논현12호점,서울 강남구 강남대로128길 48,37.5111901953507,127.02563411818
세븐일레븐 서교세교길점,서울 마포구 양화로12길 8-5,37.5517452880959,126.917806488951
세븐일레븐 성수에스팩토리점,"서울 성동구 연무장15길 11 에스팩토리 1층 C104,105호",37.5428217449251,127.058905961003
세븐일레븐 신정신서점,서울 양천구 은행정로 49 신정빌딩 1층,37.5241712012561,126.859153521347
세븐일레븐 고척청마루점,서울 구로구 중앙로14길 31,37.5076133389724,126.863104491675
세븐일레븐 태릉입구역점,서울 노원구 동일로 992,37.6188069845363,127.075608063742
세븐일레븐 노량진5호점,서울 동작구 만양로12길 16,37.5101168687755,126.946309792769
세븐일레븐 서교중앙점,서울 마포구 동교로 142,37.5551509765853,126.917816895201
세븐일레븐 수유2호점,서울 강북구 삼양로 438,37.64254344188,127.016678775368
세븐일레븐 천호피렌체점,서울 강동구 올림픽로 667 대동피렌체리버 106호,37.5411360700303,127.123951125424
세븐일레븐 산업대점,서울 노원구 동일로192길 83,37.6275129140111,127.077197965689
세븐일레븐 등촌샤르망점,서울 강서구 공항대로45길 101 1층 109호,37.5592019502905,126.857498575539
세븐일레븐 당산메인점,서울 영등포구 국회대로53길 19 1층,37.527165546287,126.906405466328
세븐일레븐 관악청솔점,서울 관악구 조원로 118,37.4850194486152,126.915528868423
세븐일레븐 화곡화원점,서울 강서구 가로공원로76가길 76 1층,37.5343281531114,126.842914140374
세븐일레븐 합정당인점,서울 마포구 성지3길 74,37.5459946744478,126.916917715256
세븐일레븐 도봉창2동점,서울 도봉구 도봉로108길 84,37.6456522122442,127.038553980903
세븐일레븐 서울대서진점,서울 관악구 관악로17길 3,37.4806435864637,126.951517874514
세븐일레븐 신내중앙점,서울 중랑구 용마산로125가길 47 1층,37.6048871404083,127.098043500102
세븐일레븐 서대문구청점,서울 서대문구 연희로 276,37.5816970350637,126.936563883149
세븐일레븐 마포연남점,서울 마포구 성미산로 142,37.5636587074486,126.922309626705
세븐일레븐 스타시티영존점,서울 광진구 능동로 110 스타시티 영존 101호,37.540657941434,127.07141185507
세븐일레븐 낙원점,서울 종로구 인사동4길 17,37.5738361909173,126.986543209643
세븐일레븐 역삼래미안점,서울 강남구 언주로 314 강남프라자 102호,37.4958917878081,127.046476269108
세븐일레븐 미아으뜸점,서울 강북구 솔샘로67길 137 1층,37.6230780608269,127.026269226074
세븐일레븐 대치우성점,서울 강남구 도곡로93길 9,37.500834891089,127.064501719435
세븐일레븐 여의금강점,서울 영등포구 국회대로70길 22 금강빌딩 102,37.528604315304,126.920622646202
세븐일레븐 목동달빛점,"서울 양천구 신목로2길 68 오목빌딩 9,10호",37.5238327188727,126.877348359324
세븐일레븐 상봉본점,서울 중랑구 면목로95길 11 1층 101호,37.5954124145618,127.085032278081
세븐일레븐 발산점,서울 강서구 강서로47길 25,37.5526544699313,126.83479779237
세븐일레븐 강남힐즈점,서울 강남구 자곡로7길 32-2,37.4732845961729,127.097268333183
세븐일레븐 관악낙성점,서울 관악구 남부순환로237길 3,37.4788615849969,126.959976310757
세븐일레븐 마곡르보아점,서울 강서구 마곡중앙5로 87 우성르보아2 상가 121호,37.5671748308356,126.817774634056
세븐일레븐 묵동점,서울 중랑구 중랑역로 271,37.6163598128148,127.078231875
세븐일레븐 구산헤일리점,서울 은평구 연서로9길 14,37.6075935049625,126.913563911497
세븐일레븐 잠원점,서울 서초구 잠원로 204,37.5197884939794,127.014332690543
세븐일레븐 대치승리점,서울 강남구 삼성로82길 4 송암빌딩 1층,37.5048394583526,127.0581616723
세븐일레븐 성수진동점,서울 성동구 성수일로3길 2,37.5421094410307,127.048550752921
세븐일레븐 고덕역점,서울 강동구 고덕로 256 명성프라자 110호,37.5546198628524,127.154105278912
세븐일레븐 건국대점,서울 광진구 광나루로24길 20,37.5454553064569,127.076318784936
세븐일레븐 대치점,서울 강남구 삼성로 150,37.4956953356085,127.068564672209
세븐일레븐 종로서촌점,서울 종로구 자하문로 18-1 1층,37.5778156600465,126.972328763113
세븐일레븐 관악꿈보람점,서울 관악구 봉천로12길 69,37.485733589617,126.930309116095
세븐일레븐 우이유원지점,서울 강북구 삼양로 685,37.6636283558381,127.01201251769
세븐일레븐 교대원동점,서울 서초구 법원로2길 19,37.494288326492,127.012879926851
세븐일레븐 신사시장점,서울 관악구 남부순환로153길 35,37.4840565684833,126.916327064641
세븐일레븐 세종로점,서울 종로구 종로1길 42-1,37.5742266028277,126.978667692214
세븐일레븐 역삼17호점,서울 강남구 논현로76길 10,37.496866422702,127.039767659821
세븐일레븐 역삼은석점,서울 강남구 언주로79길 33,37.4986817115049,127.041510398078
세븐일레븐 강서화곡로점,서울 강서구 화곡로 296 강서아이파크 106,37.5505765598689,126.849042833815
세븐일레븐 정릉대로점,서울 성북구 정릉로 326,37.6020705942096,127.019323607565
세븐일레븐 코엑스아셈타워점,서울 강남구 영동대로 517 아셈타워 1층,37.5131101543222,127.059758068383
세븐일레븐 이화벽화마을점,서울 종로구 율곡로23길 38-5 1층,37.5763932660615,127.006409556825
세븐일레븐 동대문휘경로점,서울 동대문구 망우로 77,37.5901988753682,127.061771664222
세븐일레븐 강동고덕점,서울 강동구 동남로75길 13-25,37.5530682649558,127.155472908009
세븐일레븐 구로전화국사거리점,서울 금천구 남부순환로 1364 보성빌딩 1층,37.4792794811182,126.902426666515
세븐일레븐 신월사거리점,서울 양천구 남부순환로 354,37.5354033978653,126.828219142784
세븐일레븐 반포공원점,서울 서초구 사평대로55길 123 1층,37.5092071224522,127.020346077237
세븐일레븐 도곡스타점,서울 강남구 남부순환로355길 9,37.4856256208325,127.035869562939
세븐일레븐 상암누리꿈스퀘어점,서울 마포구 월드컵북로 396 누리꿈스퀘어R 1층 107호,37.5794419093126,126.890322604776
세븐일레븐 선릉오성점,서울 강남구 선릉로 510 오성빌딩 1층 101호,37.5051706998603,127.048949353738
세븐일레븐 화양점,서울 광진구 능동로19길 9,37.5469273581744,127.073188004368
세븐일레븐 당산양화점,서울 영등포구 선유로52길 11 1층,37.5359019297538,126.899613050514
세븐일레븐 송파우리점,서울 송파구 가락로 153,37.5031500671996,127.112634964212
세븐일레븐 신도림태영점,서울 구로구 새말로 89,37.5056097068416,126.889834342021
세븐일레븐 가락제일빌딩점,서울 송파구 송파대로 260,37.4931390130546,127.118864841565
세븐일레븐 방이상윤점,서울 송파구 오금로 175 1층,37.5095215373205,127.114120882836
세븐일레븐 오금우창점,서울 송파구 동남로24길 11 1층,37.4996240466812,127.137509017943
세븐일레븐 구의본점,서울 광진구 자양로 247 고광빌딩 1층,37.5486503227365,127.08883764947
세븐일레븐 석촌3호점,서울 송파구 백제고분로 354,37.5042470428249,127.105610298639
세븐일레븐 논현학나래점,서울 강남구 강남대로136길 7,37.5131657738555,127.021375090779
세븐일레븐 목동금호점,서울 양천구 목동중앙서로 47 성보주상 1층,37.5332609558462,126.86926696171
세븐일레븐 독립문e편한점,서울 서대문구 독립문로1길 3-3,37.5707817762627,126.959798130106
세븐일레븐 종로사직점,서울 종로구 인왕산로1길 29,37.5735727385305,126.964116371457
세븐일레븐 서초명달로점,서울 서초구 명달로4길 62 1층,37.4807351726013,127.009127154587
세븐일레븐 종로인사점,서울 종로구 인사동길 5 1층,37.5714381516839,126.986980923254
세븐일레븐 신천최고점,서울 송파구 올림픽로 74 1층 101호,37.5113715616315,127.078828856299
세븐일레븐 송파가락본점,서울 송파구 양재대로62길 31,37.4972130052181,127.119755173677
세븐일레븐 삼전으뜸점,서울 송파구 삼전로6길 6 1층,37.5029762799113,127.087758419521
세븐일레븐 역삼은탑점,서울 강남구 테헤란로14길 5 삼흥빌딩 1층,37.499089066355,127.033217749748
세븐일레븐 동대문신설점,서울 동대문구 왕산로 21 1층 101호,37.5768030967407,127.025796515924
세븐일레븐 여의대산점,서울 영등포구 국회대로70길 12,37.5293662362147,126.9198725529
세븐일레븐 방이시장점,서울 송파구 백제고분로48길 3,37.5118384570159,127.113759865146
세븐일레븐 역말사거리점,서울 은평구 역말로 49 파발리안102호,37.6060312592054,126.9157793022
세븐일레븐 관악봉천점,서울 관악구 남부순환로206길 34,37.4808586611936,126.941751547595
세븐일레븐 상계주공점,"서울 노원구 동일로 1529 1층 113,114호",37.6650917520309,127.057311765841
세븐일레븐 신촌현대점,서울 서대문구 연세로5가길 4,37.5571617612921,126.936398740136
세븐일레븐 명일이마트점,서울 강동구 동남로75길 19 명일오피스텔 1층 3호,37.5541302080444,127.15517770003
세븐일레븐 가톨릭병원점,서울 강동구 올림픽로 686,37.5424790567418,127.125102311262
세븐일레븐 명일점,서울 강동구 양재대로 1655,37.5533530158301,127.143932300441
세븐일레븐 천호역점,서울 강동구 올림픽로 654,37.539857413671,127.124082751701
세븐일레븐 장안2호점,서울 동대문구 천호대로83길 93,37.5661656046498,127.066695140607
세븐일레븐 마곡행복점,서울 강서구 마곡중앙2로 35 이너매스마곡2 1층 105호,37.5579650314969,126.830661784149
세븐일레븐 쌍문2호점,서울 도봉구 도봉로109길 46,37.6471138049261,127.030837375844
세븐일레븐 불광역사거리점,서울 은평구 불광로 40 1층,37.6111030540738,126.930345874402
세븐일레븐 수유점,서울 강북구 덕릉로 75,37.6348253533462,127.022055665522
세븐일레븐 동작상도점,서울 동작구 상도로 206,37.504971295086,126.941513184347
세븐일레븐 은평진관점,서울 은평구 진관2로 111-7 은평뉴타운2단지 212동 상가 108호,37.6370356430819,126.931770514721
세븐일레븐 용산아이파크몰점,서울 용산구 한강대로23길 55 3층 960호,37.5297718014452,126.964741503485
세븐일레븐 도봉세무서점,서울 강북구 솔샘로67길 67,37.6201105598205,127.027493437605
세븐일레븐 마곡로뎀점,서울 강서구 공항대로 186 로뎀타워 1층 121호,37.5590996762805,126.827995667592
세븐일레븐 한성대역점,서울 성북구 삼선교로 4-1,37.5879818404811,127.006494674801
세븐일레븐 시그니처 DDR점,서울 중구 수표로 65,37.5670710889596,126.989409063096
세븐일레븐 어린이대공원역점,서울 광진구 광나루로 410 KCC파크타운 1층 108호,37.5465622772815,127.075047996201
세븐일레븐 동양공대점,서울 구로구 경인로47길 13,37.5000325932362,126.86676354913
세븐일레븐 화곡보노점,서울 강서구 곰달래로57길 37 보노하우스 101호,37.5338090163137,126.861658546134
세븐일레븐 역삼우일점,서울 강남구 봉은사로44길 39,37.5068827231292,127.041344157666
세븐일레븐 성북한옥촌점,서울 성북구 성북로 105,37.5926590364447,126.997175711944
세븐일레븐 동소문점,서울 성북구 보문로38길 53 1층,37.5906528175464,127.016724481439
세븐일레븐 신월메디힐점,서울 양천구 화곡로4길 17,37.5379777160911,126.828021453614
세븐일레븐 메트로호텔점,서울 중구 명동9가길 14,37.5651356441528,126.983730468109
세븐일레븐 마곡이너매스,서울 강서구 마곡중앙6로 21,37.560835635621,126.829618546018
세븐일레븐 신정이스타빌점,서울 양천구 목동서로 377,37.5161146511839,126.862314247228
세븐일레븐 도화점,서울 마포구 새창로 52,37.5399064732677,126.955746522953
세븐일레븐 강북구청점,서울 강북구 도봉로89길 5,37.6388931420703,127.025939652537
세븐일레븐 서초17호점,서울 서초구 반포대로30길 48,37.4921613028121,127.01127453529
세븐일레븐 도곡본점,서울 강남구 논현로34길 34,37.484710879891,127.044699285108
세븐일레븐 도봉오봉점,서울 도봉구 도봉로155길 51 1층,37.6728665888748,127.041091939886
세븐일레븐 가락IT최고점,서울 송파구 중대로 135 B101호,37.4950959654807,127.122426977874
세븐일레븐 보국문역점,서울 성북구 솔샘로 71,37.6130596923305,127.007415964981
세븐일레븐 중랑스마트빌점,서울 중랑구 망우로36길 26 B동 101호,37.5933244402416,127.078420175492
세븐일레븐 구로개봉푸르뫼점,서울 구로구 고척로 101,37.5012789533329,126.845252696525
세븐일레븐 관악타워점,"서울 관악구 남부순환로 1802 관악캠퍼스타워 101,102호",37.4811700742595,126.950284940868
세븐일레븐 영등포영신점,서울 영등포구 영등포로36길 3,37.5197588082779,126.903876093078
세븐일레븐 상암중앙점,서울 마포구 성암로 219-2,37.5788451467216,126.895346211079
세븐일레븐 보광점,"서울 용산구 장문로 104 신동아아파트제상가동 1층 102,103호",37.5261035836159,127.00122292465
세븐일레븐 합정2호점,서울 마포구 동교로 52,37.5528550186647,126.907996312075
세븐일레븐 자양점,서울 광진구 뚝섬로 585,37.5335848164556,127.075048567096
세븐일레븐 잠실고분로점,서울 송파구 백제고분로19길 18,37.5063664297962,127.087234101563
세븐일레븐 독산솔리브점,서울 금천구 두산로 28,37.4700554732428,126.890875340852
세븐일레븐 광희본점,서울 중구 마른내로 146,37.5645558191847,127.004172304234
세븐일레븐 이대APM점,서울 서대문구 이화여대3길 6,37.5581091857709,126.945454727473
세븐일레븐 당고개점,서울 노원구 상계로 299,37.670140414179,127.078418871905
세븐일레븐 청계퍼시픽점,서울 중구 청계천로 8 1층,37.5688262269382,126.978223249695
세븐일레븐 구의그랜드점,서울 광진구 구의로 25 1층,37.54026488422,127.089461681115
세븐일레븐 용두역점,서울 동대문구 천호대로 151,37.5737131451548,127.040255857681
세븐일레븐 오금제일점,서울 송파구 동남로28길 28-1 1층 일부,37.5011624542252,127.140545060564
세븐일레븐 양평미소점,서울 영등포구 양산로3길 9,37.5265862846296,126.885066309461
세븐일레븐 마곡롯데연구소점,서울 강서구 마곡중앙로 201 롯데중앙연구소 1층,37.571407693908,126.827730783478
세븐일레븐 관악중앙점,서울 관악구 관악로 227,37.4849391795696,126.955258857188
세븐일레븐 신촌명물점,서울 서대문구 명물길 37 SD타워 1층,37.5585794333613,126.938176355024
세븐일레븐 이태원점,서울 용산구 녹사평대로26길 30,37.5311266563831,126.991743403999
세븐일레븐 도봉우이천점,서울 도봉구 도봉로106길 59,37.6449144825059,127.036000862173
세븐일레븐 강서마곡점,서울 강서구 마곡서1로 146 마곡엠밸리2단지 상가동 1층 103호,37.5688249730513,126.821411028637
세븐일레븐 도봉지민점,서울 도봉구 우이천로4길 13 1층,37.6336738073177,127.040155176718
세븐일레븐 성북홍익점,서울 성북구 성북로 66 1층,37.593392915784,127.001707407201
세븐일레븐 마곡W타워점,서울 강서구 마곡중앙1로 14 1층,37.5584947155389,126.825213109876
세븐일레븐 청담좋은날점,서울 강남구 영동대로128길 5 청구상가 101호,37.520148872145,127.058156132905
세븐일레븐 답십리점,서울 동대문구 전농로10길 20,37.5746094744702,127.060129124176
세븐일레븐 신촌창천점,서울 서대문구 연세로4길 41 1층,37.5580182297626,126.938747684645
세븐일레븐 삼성대웅점,서울 강남구 봉은사로 638,37.5148243860543,127.065078073112
세븐일레븐 어바니엘염창점,서울 양천구 공항대로 630 1층 104호,37.5465353390135,126.874714381046
세븐일레븐 천호본점,서울 강동구 상암로41길 26,37.5472452770329,127.141367986316
세븐일레븐 영등포4호점,서울 영등포구 도신로29사길 1 1층,37.5101264655099,126.904785141894
세븐일레븐 관악은천점,서울 관악구 은천로 48,37.4859763994096,126.940505291228
세븐일레븐 화양스타점,서울 광진구 능동로13길 59,37.5442920494663,127.069419354379
세븐일레븐 신천제일점,서울 송파구 백제고분로7길 42-25,37.5097849323698,127.084000807015
세븐일레븐 장안해피트리점,서울 동대문구 천호대로79길 30 1층,37.5637424562399,127.063275219279
세븐일레븐 영등포본점,서울 영등포구 영중로 12 에쉐르쇼핑몰 1층,37.5176176142762,126.906506980596
세븐일레븐 장지대진점,서울 송파구 충민로2길 26 대진프라자 104호,37.4774327110818,127.127361295432
세븐일레븐 상도한사랑점,서울 동작구 상도로41길 39,37.5025033003499,126.951116172367
세븐일레븐 화곡까치점,서울 강서구 까치산로2길 3,37.5409749628612,126.842475539429
세븐일레븐 독산역본점,서울 금천구 벚꽃로 114,37.465411075134,126.890239021549
세븐일레븐 역삼프레스티점,서울 강남구 강남대로78길 12,37.4948475341971,127.030367339339
세븐일레븐 이태원청화점,서울 용산구 보광로 95 1층,37.5313574029144,126.994941533848
세븐일레븐 서대문연희로점,서울 서대문구 연희로 85,37.5659975754095,126.929894728865
세븐일레븐 망원점,서울 마포구 망원로 69 1층,37.5574153066539,126.90456553807
세븐일레븐 문정오벨리스크점,서울 송파구 송파대로 145 문정오벨리스크 1층 107호,37.4834277630334,127.123013623398
세븐일레븐 동작대림점,서울 동작구 상도로 43-1 101호,37.5002145188849,126.925208649019
세븐일레븐 홍대기숙사점,서울 마포구 독막로19길 15 BR엘리텔 B동 1층,37.5482621535621,126.925034152963
세븐일레븐 한남3호점,서울 용산구 대사관로19길 7,37.5338387222596,127.003637812857
