지점명,지점주소,y,x
스타벅스 강남R점,서울 강남구 강남대로 390,37.4978399531903,127.028578846319
스타벅스 파미에파크R점,서울 서초구 사평대로 205 센트럴시티 파미에파크돔,37.5044921229104,127.007845270854
스타벅스 공릉DT점,서울 노원구 동일로 1015,37.6207526469417,127.074220863167
스타벅스 청담스타R점,서울 강남구 도산대로57길 24,37.5252578873567,127.041837238386
스타벅스 더종로R점,서울 종로구 종로 51,37.5707451369668,126.983611410428
스타벅스 홍대입구역사거리R점,서울 마포구 양화로 125,37.5547493986687,126.920309389675
스타벅스 석촌호수점,"서울 송파구 석촌호수로 262 지상 1, 2층",37.5094418481496,127.105237022741
스타벅스 연희DT점,서울 서대문구 연희로 144,37.5701890591183,126.93389011557
스타벅스 환구단점,서울 중구 소공로 112 반도조선아케이드,37.5646251531765,126.979222218169
스타벅스 홍대역점,서울 마포구 양화로 165 상진빌딩 1층,37.5572083355752,126.923619092959
스타벅스 용산역써밋R점,서울 용산구 한강대로 69,37.5270404595814,126.964892234354
스타벅스 화곡DT점,서울 강서구 등촌로 57,37.5350125900994,126.863143013828
스타벅스 송파나루역DT점,서울 송파구 오금로 142,37.5108292192908,127.110268903268
스타벅스 한강진역R점,서울 용산구 이태원로 252,37.5371098560042,127.001121839019
스타벅스 마곡사이언스타워R점,서울 강서구 마곡동로 62,37.5605537644679,126.833890184435
스타벅스 광화문R점,서울 종로구 세종대로 167 현대해상본사사옥 별관내,37.5712680054994,126.976304863447
스타벅스 신월ICDT점,서울 양천구 남부순환로 430,37.5294934216077,126.832134462573
스타벅스 방화DT점,서울 강서구 방화대로 375,37.5744541532234,126.816386022206
스타벅스 이대R점,서울 서대문구 이화여대길 34,37.558453141276,126.945944197486
스타벅스 신정DT점,서울 양천구 신월로 341,37.522014544701,126.858836193806
스타벅스 노량진역점,서울 동작구 노량진로 134,37.5133653695495,126.940880232779
스타벅스 낙성대DT점,서울 관악구 남부순환로 1948,37.4761875809579,126.965131629973
스타벅스 영등포본동점,서울 영등포구 영등포로 254 우성타워 1층,37.5186835646791,126.909598177499
스타벅스 송파방이DT점,서울 송파구 오금로 241,37.5065367665138,127.120485645995
스타벅스 잠실새내역점,서울 송파구 올림픽로 96 1층,37.5114638312604,127.081212794079
스타벅스 보라매공원R점,서울 동작구 보라매로5길 35,37.4920901355933,126.923508147169
스타벅스 관악서울대입구R점,서울 관악구 관악로 158 BS타워 1층,37.4793104352293,126.952808280216
스타벅스 마곡나루역점,서울 강서구 마곡중앙로 161-17,37.5680581740122,126.825960812712
스타벅스 왕십리역점,서울 성동구 왕십리로 326,37.5627533594485,127.033895108318
스타벅스 가재울뉴타운점,서울 서대문구 남가좌동 384 2단지 별동상가 1층,37.5751770723164,126.914919757825
스타벅스 홍대공항철도역점,서울 마포구 양화로 178,37.5575046128363,126.925213220295
스타벅스 망원역점,서울 마포구 월드컵로 74,37.555782204515,126.910728577563
스타벅스 압구정로데오역점,"서울 강남구 선릉로 836 삼원빌딩 1,2층",37.5265428105713,127.040533570867
스타벅스 서울웨이브아트센터점,서울 서초구 잠원동 149,37.5188882427568,127.007005970813
스타벅스 성수역점,서울 성동구 성수이로 94,37.5432313943084,127.056957190581
스타벅스 신림DT점,서울 관악구 남부순환로 1419,37.4809747497557,126.908418046683
스타벅스 구로호텔점,서울 구로구 디지털로32길 72 구로호텔 1층,37.4831837029804,126.898856674536
스타벅스 답십리역점,서울 동대문구 천호대로 263,37.5685046121538,127.051120497766
스타벅스 신촌점,"서울 서대문구 연세로 10-1 즐거운빌딩 1,2,3층",37.5564898249423,126.937122838477
스타벅스 강동암사DT점,서울 강동구 고덕로 43,37.5551043012407,127.130014966918
스타벅스 한남동R,서울 용산구 독서당로 94,37.5348016217165,127.01093982785
스타벅스 청담사거리점,서울 강남구 도산대로 458 리츠타워,37.5237679012526,127.04687173454
스타벅스 구의DT,서울 광진구 광나루로 519,37.5453065761171,127.087213258945
스타벅스 신대방삼거리역점,서울 동작구 상도로 102,37.4999426964441,126.931776254273
스타벅스 까치산역점,서울 강서구 강서로13길 3,37.5322957492562,126.846047920456
스타벅스 합정점,서울 마포구 월드컵로1길 14,37.5500497954747,126.912061257921
스타벅스 공릉역점,서울 노원구 동일로 1081,37.62637727809,127.072270436177
스타벅스 신도림점,서울 구로구 경인로 610,37.5054764049558,126.883954921318
스타벅스 상암DMC점,"서울 마포구 월드컵북로 375 DMC이안오피스텔1단지 102,202호",37.5775739803674,126.890723266484
스타벅스 송파개롱역점,서울 송파구 오금로 420,37.4969894018022,127.136277101616
스타벅스 사당R점,"서울 관악구 남부순환로 2082-25 1,2층",37.4760566794321,126.981012772295
스타벅스 상계초교사거리점,서울 노원구 노원로 449,37.6566694543257,127.066441585083
스타벅스 군자역,서울 광진구 천호대로 548,37.5569179757465,127.078935662022
스타벅스 잠실역점,"서울 송파구 송파대로 562 한빛프라자 1,2층",37.5153235254771,127.099502662936
스타벅스 건대입구점,서울 광진구 능동로 107,37.5406991632015,127.070736495822
스타벅스 노원마들역점,서울 노원구 노원로 569 임광아파트상가,37.6609694156801,127.057100403217
스타벅스 어린이대공원역,서울 광진구 능동로 243,37.5519395891703,127.076354480595
스타벅스 서울숲역,서울 성동구 왕십리로 50 메가박스 스퀘어 1층,37.5418866227463,127.04491059446
스타벅스 상봉역점,서울 중랑구 망우로 307,37.5969380081251,127.086471773354
스타벅스 강동구청DT점,서울 강동구 성내로 32,37.5291904009702,127.123806229957
스타벅스 영등포역점,서울 영등포구 경인로 870,37.5169829500086,126.90928305399
스타벅스 은평구청입구점,서울 은평구 은평로 170 상현빌딩 1층,37.6010893852841,126.926662375326
스타벅스 서울대입구역점,서울 관악구 남부순환로 1812,37.4811154582785,126.951331357933
스타벅스 동대문공원점,서울 중구 장충단로 229,37.5652168235457,127.007213593145
스타벅스 신설동역점,서울 동대문구 왕산로 19,37.5767090920194,127.025524677025
스타벅스 회기역사거리점,서울 동대문구 이문로 37 회기 한일 베라체캠퍼스 1층,37.5908011291028,127.056117386349
스타벅스 장한평역점,서울 동대문구 장한로 10,37.5623569528356,127.065498788097
스타벅스 불광역점,서울 은평구 통일로 715 우리은행 1층,37.609413947696,126.930308376671
스타벅스 선릉세화빌딩점,서울 강남구 테헤란로64길 18 세화빌딩 1층,37.5037725578123,127.05119768025
스타벅스 동교점,서울 마포구 월드컵북로 22 영준빌딩 1층,37.5568956506034,126.920022354506
스타벅스 문정역점,서울 송파구 송파대로 167,37.4846614982049,127.120933640924
스타벅스 종암DT점,서울 성북구 종암로 17,37.5919045586268,127.036088313794
스타벅스 성신여대점,서울 성북구 동소문로24길 12,37.5931500260512,127.018413305959
스타벅스 양재역점,서울 서초구 강남대로 202 모산빌딩,37.4823264528673,127.036861922329
스타벅스 몬테소리점,서울 서초구 강남대로 399 한국몬테소리 빌딩,37.4982667167977,127.026842105662
스타벅스 노원역점,서울 노원구 동일로 1413 남성빌딩 1층,37.6547688511508,127.060019298479
스타벅스 서울역동자동점,서울 용산구 한강대로 372 센트레빌 아스테리움 서울 KDB생명타워 1층,37.5516764562618,126.972921582851
스타벅스 금호역점,서울 성동구 동호로 99,37.5480320424066,127.015349539879
스타벅스 천호로데오점,서울 강동구 천호대로 1037,37.5378379676663,127.12733248525
스타벅스 수서역R점,서울 강남구 광평로 281,37.4881167693611,127.103068802127
스타벅스 화곡동점,서울 강서구 화곡로 142,37.5405665780291,126.837581836675
스타벅스 스타필드코엑스몰 R점,서울 강남구 봉은사로 524,37.5129436953442,127.057114235894
스타벅스 선유동이레빌딩점,서울 영등포구 선유동2로 57 이레빌딩,37.5338259242698,126.896882129276
스타벅스 양재강남빌딩R점,서울 강남구 남부순환로 2621,37.4852524629892,127.036620943423
스타벅스 신사역점,서울 강남구 도산대로 108 렉스타워 1층,37.5161918332017,127.020655869811
스타벅스 여의도역R점,서울 영등포구 의사당대로 83 한국휴렛팩커드빌딩 1층,37.5233667660094,126.923451000009
스타벅스 사당역점,서울 동작구 동작대로 21 양지빌딩 1-3층,37.4784816221514,126.981362070757
스타벅스 오목교역점,서울 양천구 오목로 354,37.5239812598499,126.876796062529
스타벅스 사당로데오점,서울 서초구 방배천로 5-4,37.4773430497769,126.982161655689
스타벅스 강남구청역점,서울 강남구 선릉로 669 웰빙센터 1층,37.5166119773031,127.041258693516
스타벅스 발산역점,서울 강서구 강서로 388 1층,37.5601872593484,126.839308151992
스타벅스 신용산역점,서울 용산구 한강대로 95,37.5288173852679,126.966653789116
스타벅스 이수역점,서울 서초구 동작대로 112 한신 휴플러스 1층,37.4865041383713,126.982705263045
스타벅스 방배카페거리점,서울 서초구 방배중앙로 162,37.4935343927393,126.986570860605
스타벅스 석촌서호점,서울 송파구 석촌호수로 176 1층,37.5063728142812,127.096628015109
스타벅스 성신여대정문,서울 성북구 보문로34길 62,37.5908419743847,127.01885953079
스타벅스 서울고속터미널점,서울 서초구 신반포로 194,37.5064357442307,127.006834366246
스타벅스 청담점,서울 강남구 도산대로 532 인희빌딩 1층,37.5243444672802,127.051591952726
스타벅스 길음역점,서울 성북구 정릉로 376,37.6020185542882,127.02531929067
스타벅스 선릉동신빌딩R점,서울 강남구 테헤란로 409,37.5053601174069,127.050386949115
스타벅스 동빙고점,서울 용산구 장문로 12,37.5289762402615,126.991804054242
스타벅스 가양역점,서울 강서구 양천로 476,37.5616001805127,126.853271958466
스타벅스 강변역,서울 광진구 구의강변로 64 구의아크로리버 제1층 109호,37.5358285666892,127.092583672192
스타벅스 석촌역점,서울 송파구 백제고분로 358 우전빌딩 1층,37.5042941822869,127.106094189934
스타벅스 강북구청사거리점,서울 강북구 도봉로 365,37.6400141810051,127.027385316418
스타벅스 홍제역점,서울 서대문구 통일로 451,37.5886701766902,126.943849906806
스타벅스 선정릉역,서울 강남구 봉은사로 407,37.5107810974307,127.044572539842
스타벅스 송파위례점,서울 송파구 위례광장로 230,37.4786171055932,127.143758763103
스타벅스 안국점,서울 종로구 북촌로 5-1,37.5773774448484,126.985650278426
스타벅스 광화문D타워점,서울 종로구 종로3길 17 D타워,37.5709958592808,126.978914477333
스타벅스 강남삼성타운점,서울 서초구 서초대로78길 24,37.4955445656158,127.027752353367
스타벅스 공덕오거리점,서울 마포구 마포대로 86 1층,37.542645085031,126.950579877064
스타벅스 경복궁역점,서울 종로구 자하문로4길 6 1층,37.5771838641415,126.972634880187
스타벅스 구산역점,서울 은평구 연서로 146,37.6118256229728,126.917712097114
스타벅스 홍대갤러리점,서울 마포구 와우산로 101 정명빌딩,37.5533350372812,126.924882629765
스타벅스 합정메세나몰점,서울 마포구 양화로 45 메세나폴리스 지하 1층 161~164호,37.5515008030203,126.91395024016
스타벅스 쌍문역점,서울 도봉구 도봉로 480,37.6483536013789,127.034887170663
스타벅스 상봉점,서울 중랑구 상봉로 131 상봉듀오트리스주상복합,37.5974066200134,127.092177640813
스타벅스 포이점,서울 강남구 논현로 88,37.4778176367596,127.045132028081
스타벅스 노원KT점,서울 노원구 노해로 502 KT 노원사옥,37.6544500497108,127.063692307584
스타벅스 아차산역,서울 광진구 천호대로 676,37.5505911469287,127.08993019403
스타벅스 동부이촌동점,서울 용산구 이촌로 198,37.5210778010368,126.969064344569
스타벅스 문정법원로R,서울 송파구 송파대로 201,37.4877387829749,127.120685887596
스타벅스 금천독산점,서울 금천구 두산로 70 남서울현대지식산업센터 T로비층 108호,37.4689627800606,126.895620657193
스타벅스 가로수길점,서울 강남구 논현로175길 94 임도빌딩 1층,37.5231968654091,127.021643116378
스타벅스 방배역점,서울 서초구 방배로 84,37.4819902467156,126.997642873579
스타벅스 송파구청,서울 송파구 오금로 87,37.5146092082496,127.107424843787
스타벅스 여의도IFC점,서울 영등포구 국제금융로 10 1층,37.5251775245928,126.924876706923
스타벅스 센트럴시티점,서울 서초구 신반포로 176 센트럴시티 1층,37.5039351769908,127.002413006799
스타벅스 종각점,서울 종로구 종로 64,37.5699578826778,126.984542274763
스타벅스 사가정역점,서울 중랑구 면목로 310,37.5796360424526,127.087974659533
스타벅스 한양대점,"서울 성동구 왕십리로 225 경희빌딩 1,2층",37.5571687656274,127.042120017866
스타벅스 용산아이파크몰점,서울 용산구 한강대로23길 55 아이파크몰 서관 6층,37.5297718014452,126.964741503485
스타벅스 신림사거리점,"서울 관악구 남부순환로 1619 영일빌딩 1, 2층",37.4846406881735,126.930498613031
스타벅스 안암역점,서울 성북구 고려대로 102-2,37.5861091702702,127.030766564708
스타벅스 선릉역점,서울 강남구 테헤란로 334 LG화재빌딩 1층,37.5039452362982,127.048527611976
스타벅스 뚝섬역,서울 성동구 아차산로 42,37.5464347311743,127.049100119424
스타벅스 미아뉴타운점,서울 강북구 삼양로 161 행전빌딩,37.6183899941147,127.021123478902
스타벅스 종로평창점,서울 종로구 평창12길 3,37.606177671919,126.96722438064
스타벅스 문래동점,서울 영등포구 선유로 64 대창타운빌 1층,37.5196290903877,126.889679122256
스타벅스 이태원역점,서울 용산구 이태원로 188,37.5343119597361,126.994803414914
스타벅스 올림픽공원남문점,서울 송파구 위례성대로 102 태평양파크빌라트 상가 1층,37.5133172416737,127.123136863574
스타벅스 잠실대교남단R점,서울 송파구 송파대로 570 타워730 1층,37.5157873297768,127.099112358834
스타벅스 연신내역사거리점,서울 은평구 통일로 842,37.6186902335511,126.922063807625
스타벅스 강남오거리점,서울 강남구 봉은사로2길 39,37.5021081976155,127.026659139548
스타벅스 문정하비오점,서울 송파구 송파대로 111 204동 104~107호,37.4796683841344,127.124913859704
스타벅스 중계역점,서울 노원구 동일로 1339 대한빌딩,37.6481622655674,127.062182016086
스타벅스 서교점,서울 마포구 양화로 78,37.5513850799331,126.916920785456
스타벅스 신사가로수점,서울 강남구 가로수길 59,37.5218897968686,127.022521249316
스타벅스 잠실시그마타워점,서울 송파구 올림픽로 289,37.5146152773177,127.102522142353
스타벅스 낙성대역점,서울 관악구 남부순환로 1908,37.4777033870366,126.961205621131
스타벅스 연희동점,서울 서대문구 연희로 97,37.5668038837366,126.930516521058
스타벅스 숭실대입구역,서울 동작구 상도로 354,37.4968732072958,126.952724064808
스타벅스 미아사거리역점,서울 강북구 도봉로 32,37.6118468027305,127.030708756258
스타벅스 수서점,서울 강남구 밤고개로1길 10 현대벤처빌딩 지하 2층,37.4880244867416,127.101844450006
스타벅스 뱅뱅사거리점,서울 강남구 강남대로 282,37.4885664092435,127.03248411211
스타벅스 순천향입구점,서울 용산구 대사관로 67,37.5334229215252,127.005644897495
스타벅스 여의도점,서울 영등포구 국제금융로2길 28,37.5240806711634,126.924494536092
스타벅스 문래역점,서울 영등포구 당산로 34,37.5174631210953,126.896493699106
스타벅스 중랑구청점,서울 중랑구 신내로 72,37.6054064377729,127.09566855816
스타벅스 중앙대점,서울 동작구 흑석로 75-1,37.5069728187307,126.958130329436
스타벅스 둔촌동점,서울 강동구 양재대로 1303 평원빌딩 1층,37.5227713188467,127.133949850418
스타벅스 서래마을입구점,서울 서초구 서래로 48,37.4992678021747,126.998558347583
스타벅스 종로3가점,서울 종로구 종로 113-1 1~4층,37.5705929705531,126.990220634469
스타벅스 목동8단지점,서울 양천구 목동서로 299,37.5205726607303,126.868830851142
스타벅스 강남비젼타워점,서울 강남구 테헤란로2길 27 비젼타워 1층,37.4964929427239,127.029697867857
스타벅스 경희대삼거리점,서울 동대문구 회기로 141,37.5915700154784,127.052031564319
스타벅스 오류동역점,서울 구로구 경인로 216,37.4962152453948,126.84486554294
스타벅스 신논현역점,서울 서초구 강남대로 483,37.5053254283579,127.023648945463
스타벅스 학동사거리,서울 강남구 도산대로 328,37.5224022062676,127.037967162209
스타벅스 이수역사거리점,서울 서초구 서초대로 3-4,37.4860317945544,126.983083699338
스타벅스 약수역점,서울 중구 다산로 129,37.5554333519362,127.010728945578
스타벅스 숙대입구역점,서울 용산구 한강대로 291 지하 1~3층,37.5442306440059,126.971941739174
스타벅스 청담공원점,서울 강남구 학동로 506 보라티알 빌딩 1층,37.5186934389558,127.051452433553
스타벅스 공덕점,서울 마포구 마포대로 130,37.5459729185296,126.952989325371
스타벅스 합정폴리스R점,서울 마포구 양화로 45,37.5515008030203,126.91395024016
스타벅스 고대점,서울 성북구 고려대로24길 51 1층 & 2층,37.5839294883991,127.029709018435
스타벅스 노량진동점,서울 동작구 노량진로 190 고려교육타워 어바니엘한강 101~105호,37.5129574445121,126.946862445323
스타벅스 홍대삼거리점,서울 마포구 와우산로 64,37.5502199719304,126.923271338076
스타벅스 구파발역점,서울 은평구 진관2로 12 메이플카운티 2차 113~116호,37.6342576294538,126.918550997661
스타벅스 가락본동점,서울 송파구 송파대로30길 13,37.4948847043839,127.118784040716
스타벅스 연신내점,서울 은평구 통일로 869,37.6203691547897,126.919808968262
스타벅스 영등포KT점,서울 영등포구 영중로 119,37.526848314445,126.905176591009
스타벅스 역삼역점,서울 강남구 테헤란로 145 우신빌딩 1층,37.5007127382074,127.035192693211
스타벅스 천호역점,서울 강동구 천호대로 1012 태승빌딩 1층,37.5380977789536,127.124151797401
스타벅스 목동역점,서울 양천구 목동로 203,37.5267062206829,126.86380676331
스타벅스 길동역점,서울 강동구 양재대로 1487,37.538712390825,127.140063006884
스타벅스 가산디지털단지역점,서울 금천구 벚꽃로 298,37.4814401689835,126.883871693415
스타벅스 등촌점,서울 강서구 공항대로 329 1층,37.5582609804535,126.844322656779
스타벅스 방배,서울 서초구 방배로 211,37.4919937926243,126.990641023566
스타벅스 학동역점,서울 강남구 논현로 704,37.5146068395402,127.030764674069
스타벅스 압구정R점,서울 강남구 언주로 861,37.5273990937168,127.033113547922
스타벅스 송파마천사거리DT점,서울 송파구 거마로 78,37.4997580410365,127.147649403628
스타벅스 독산사거리점,서울 금천구 시흥대로 426,37.4715689911066,126.89877216735
스타벅스 송파헬리오시티점,서울 송파구 송파대로 345 103동,37.4976145695004,127.102531804188
스타벅스 서강광흥창역점,서울 마포구 서강로 69,37.5494286610068,126.931692020954
스타벅스 엔터식스점,서울 성동구 왕십리광장로 17 왕십리역사 엔터식스몰 B1,37.5614417528647,127.038394194396
스타벅스 금천시흥점,서울 금천구 시흥대로 164,37.4488833558917,126.903231141312
스타벅스 삼성역섬유센터R점,서울 강남구 테헤란로 518,37.5075910839105,127.060579419429
스타벅스 송파사거리점,서울 송파구 송파대로 386,37.5022731990672,127.110354257671
스타벅스 대우재단빌딩점,서울 중구 퇴계로 18,37.5565609866076,126.975156720132
스타벅스 구로디지털타워점,서울 구로구 디지털로32길 30,37.4833895421043,126.896519918476
스타벅스 구의역,서울 광진구 아차산로 373,37.5370119376395,127.084032696421
스타벅스 문정로데오점,서울 송파구 동남로 141,37.4919026462716,127.126252486711
스타벅스 인사점,서울 종로구 인사동길 14,37.5721911098042,126.986949096551
스타벅스 신촌오거리점,서울 마포구 신촌로16길 10,37.5551769148524,126.934676463778
스타벅스 마포염리점,서울 마포구 독막로 311,37.5439965080669,126.947481225372
스타벅스 도곡공원점,서울 강남구 도곡로 205,37.4929198247521,127.041364616509
스타벅스 종암점,서울 성북구 종암로 122,37.6012026108787,127.033955689737
스타벅스 상암사보이시티,서울 마포구 월드컵북로54길 17,37.581324224744,126.888548408154
스타벅스 상암디지털큐브점,서울 마포구 상암산로 34 1층,37.5762102049855,126.889239900296
스타벅스 명일역점,서울 강동구 양재대로 1647,37.5525605905813,127.143782864746
스타벅스 상수역점,서울 마포구 독막로 88,37.5475156867782,126.923227600752
스타벅스 서초역점,서울 서초구 반포대로 118 1층,37.4906652237991,127.008612738216
스타벅스 아시아선수촌점,서울 송파구 백제고분로 69 애플타워 175,37.5105318635531,127.079041855687
스타벅스 효창공원앞역점,서울 용산구 효창동 287,37.5396272338793,126.963314009135
스타벅스 당산점,서울 영등포구 양평로 64 1층,37.5351397125293,126.899965832636
스타벅스 정부서울청사R점,서울 종로구 새문안로5가길 28,37.574460196686,126.973597076089
스타벅스 삼청동점,서울 종로구 삼청로 111-1 1층,37.5853814289538,126.981781192692
스타벅스 숭실대점,서울 동작구 사당로 4,37.4954053993678,126.95485331925
스타벅스 염창역점,서울 강서구 공항대로 627 대신빌딩 1층,37.5472872158845,126.874538741651
스타벅스 여의도공원R점,서울 영등포구 여의공원로 101,37.5292719570904,126.924892738645
스타벅스 국립중앙의료원점,서울 중구 을지로 251,37.5665548575457,127.006251379421
스타벅스 상도역점,서울 동작구 상도로37길 1,37.503243422806,126.948446659578
스타벅스 논현역사거리점,서울 강남구 강남대로 538,37.5102202255601,127.022269137849
스타벅스 남가좌사거리점,서울 서대문구 거북골로 84 104동,37.5782296308468,126.918481311495
스타벅스 올림픽공원북문점,서울 강동구 강동대로 171 스타벅스,37.525450615281,127.125935905246
스타벅스 서교동사거리,서울 마포구 양화로 105,37.5534135689843,126.91857704379
스타벅스 한티역점,서울 강남구 도곡로 408 디마크빌딩 101호,37.4966225187716,127.055233195315
스타벅스 수유역점,서울 강북구 도봉로 342,37.6380345518337,127.026128675843
스타벅스 올림픽평화의문점,서울 송파구 위례성대로 38,37.5156925346572,127.116497173629
스타벅스 광나루,서울 광진구 아차산로 607,37.547378597376,127.106047380217
스타벅스 마포용강동점,서울 마포구 토정로 295,37.5412036547825,126.94221857005
스타벅스 한성대입구역점,서울 성북구 성북로 11,37.5890512143102,127.00492740484
스타벅스 학여울역점,서울 강남구 영동대로 215,37.4979966229511,127.068518488251
스타벅스 서울교대점,서울 서초구 서초중앙로 64 1층,37.4874401271955,127.015170128436
스타벅스 교대점,서울 서초구 서초중앙로 118 KAIS빌딩,37.4923920920899,127.014230658952
스타벅스 신림역포도몰점,서울 관악구 신림로 330 포도몰 1층,37.4838513393186,126.930234545397
스타벅스 대학로점,서울 종로구 대학로 57 홍익대학교 대학로캠퍼스 1층,37.5765585834389,127.001450046714
스타벅스 남부터미널2점,서울 서초구 효령로 274,37.4843935767795,127.014213538613
스타벅스 구로디지털로점,서울 구로구 디지털로33길 11 에이스테크노타워 8차 1층,37.4857057781612,126.895512679788
스타벅스 가락시장역점,서울 송파구 중대로 121 롯데캐슬 파인힐1층,37.4943474660846,127.12141164538
스타벅스 미아역점,서울 강북구 도봉로 196 1층,37.6261436910197,127.026574236378
스타벅스 창동이마트점,서울 도봉구 노해로65길 4,37.651636123068,127.046699282846
스타벅스 송파아이파크,서울 송파구 법원로 55,37.4798638602437,127.121761190134
스타벅스 우장산역점,"서울 강서구 강서로 267 송화쇼핑센터 1층,지하층",37.5496000614643,126.835941270275
스타벅스 중랑역점,서울 중랑구 망우로30길 3,37.5930806702101,127.0747508051
스타벅스 여의도KBS R점,서울 영등포구 의사당대로 26,37.526537141271,126.918106683928
스타벅스 동여의도점,서울 영등포구 여의도동 43-4 롯데캐슬 아이비 1층 122호,37.5201951845945,126.931743565817
스타벅스 신당역점,서울 중구 퇴계로 385 1층,37.5654033985295,127.014352404697
스타벅스 마포아크로점,서울 마포구 마포대로 68 마포 아크로타워 118호,37.5413315500222,126.948961312534
스타벅스 강남대로논현R점,서울 서초구 강남대로85길 5,37.507366411327,127.022594811887
스타벅스 서울대역,서울 관악구 남부순환로 1817,37.4816411686596,126.952144384523
스타벅스 양천향교역점,서울 강서구 강서로 463,37.5669463591713,126.840446253714
스타벅스 갤러리아팰리스점,서울 송파구 올림픽로 212 갤리러아팰리스 1층,37.5107067799275,127.094231575378
스타벅스 상암MBC점,서울 마포구 성암로 267 MBC신사옥 C1 경영센터,37.5811234199086,126.890988995582
스타벅스 이촌점,서울 용산구 이촌로 276,37.5186438963508,126.977284598132
스타벅스 강남GT타워점,서울 서초구 서초대로 411 GT타워,37.4981083450113,127.025922653572
스타벅스 강동역점,서울 강동구 천호대로 1089,37.5366048791746,127.133115595362
스타벅스 서초법원,서울 서초구 서초대로 274,37.4928194268706,127.011904030779
스타벅스 황학사거리점,서울 성동구 왕십리로 410 센트라스,37.566590498762,127.02408246322
스타벅스 자양점,서울 광진구 능동로 50 이튼타워리버2차 상가 108호,37.5356753880706,127.069179648488
스타벅스 방배다이치빌딩점,서울 서초구 방배로 114,37.4843393154443,126.996090968767
스타벅스 신당역사거리점,서울 중구 다산로 258,37.5657948536437,127.016623843671
스타벅스 신촌역점,서울 서대문구 신촌로 73,37.5563071297207,126.934520427944
스타벅스 영동2교점,서울 서초구 논현로 139 대흥빌딩,37.4819943953299,127.042595496311
스타벅스 상왕십리역점,서울 성동구 왕십리로 382,37.5651102845783,127.028019796271
스타벅스 압구정역점,"서울 강남구 압구정로 170 관영빌딩 1층, 지하 1층",37.5267583374608,127.02810647031
스타벅스 코엑스몰점,서울 강남구 영동대로 513 뉴코엑스몰 103호,37.5118239121138,127.059159043842
스타벅스 보라매대교점,서울 관악구 보라매로3길 23 대교눈높이보라매 센터 1층,37.491042929326,126.925536443215
스타벅스 논현역점,서울 서초구 강남대로 557,37.5115409433608,127.020640675895
스타벅스 스탈릿대치R점,서울 강남구 남부순환로 2947 대원빌딩,37.4945700144534,127.062659097416
스타벅스 명일이마트점,서울 강동구 동남로75길 5 명일이마트별관 주차장,37.5540060457867,127.156001893834
스타벅스 선유도역점,서울 영등포구 양평로 115,37.5373094341396,126.894605589361
스타벅스 목동오목로점,서울 양천구 오목로 279,37.5259285397106,126.868392603335
스타벅스 여의도호성점,서울 영등포구 여의대방로65길 24 호성빌딩1층,37.5204421498979,126.929293717613
스타벅스 광운대점,서울 노원구 석계로 104,37.6231823075724,127.060725543535
스타벅스 강남교보타워R점,서울 서초구 강남대로 465 1층,37.5037560541254,127.024109539913
스타벅스 차병원사거리점,서울 강남구 봉은사로 213,37.5080500239766,127.035366129428
스타벅스 중구저동점,서울 중구 수표로 34,37.564378723742,126.990358289779
스타벅스 올림픽대교북단,서울 광진구 광나루로 608,37.5411561167848,127.095267655296
스타벅스 서울역서부점,서울 용산구 만리재로 202 풍림아이원 1층,37.5549425482855,126.968462872248
스타벅스 외대정문점,서울 동대문구 이문로 93,37.5953818714405,127.05923135853
스타벅스 명동길점,서울 중구 명동10길 41,37.5620569449565,126.985872679878
스타벅스 국기원사거리점,서울 강남구 테헤란로 125,37.499603693833,127.031676800566
스타벅스 동대문두타점,서울 중구 장충단로 275,37.5688849422849,127.008775114213
스타벅스 신림점,서울 관악구 신림로 355-1,37.4860989027515,126.929171758492
스타벅스 역삼초교사거리점,서울 강남구 역삼로 123,37.4941544920079,127.033008626274
스타벅스 은행사거리점,"서울 노원구 중계로 217 중흥빌딩 103,203호",37.6505035811197,127.075992830225
스타벅스 가산디지털점,서울 금천구 가산디지털1로 168 우림라이온스벨리 B동 1층,37.479966429878,126.88263620024
스타벅스 도산가로수길점,서울 강남구 도산대로 134 2층,37.5173531693456,127.023380583993
스타벅스 남성역점,서울 동작구 사당로 219,37.4841600698068,126.972660477747
스타벅스 방배로점,서울 서초구 방배로 52,37.4793466181359,126.999436064256
스타벅스 을지병원사거리점,서울 강남구 논현로 752,37.5191609544084,127.028644440099
스타벅스 이수자이점,서울 동작구 사당로 300,37.4843790909712,126.980281616349
스타벅스 삼성교점,서울 강남구 영동대로86길 12 동남유화빌딩1층,37.507823522519,127.065187924005
스타벅스 서초역이화빌딩점,서울 서초구 반포대로21길 3,37.4883012184837,127.009032303071
스타벅스 굽은다리역점,서울 강동구 양재대로 1568,37.545422301431,127.143225315777
스타벅스 압구정,서울 강남구 압구정로30길 17,37.5263301884169,127.029553686621
스타벅스 서초구청점,서울 서초구 남부순환로 2557,37.4844383587628,127.030069606033
스타벅스 경희대점,서울 동대문구 경희대로 16-1,37.5929010400532,127.052866883162
스타벅스 자양사거리,서울 광진구 아차산로 355 타워 더 모스트 아크로텔 1층,37.5373676062503,127.082565478795
스타벅스 서초우성사거리점,서울 서초구 강남대로 343,37.4935195538047,127.029241204878
스타벅스 미아점,서울 성북구 동소문로 314,37.6076217871935,127.029316733184
스타벅스 국회의사당역,서울 영등포구 의사당대로 8,37.5278708587376,126.916895169744
스타벅스 현대디큐브2F점,서울 구로구 경인로 662,37.5081230677129,126.888212953215
스타벅스 남영동,서울 용산구 한강대로 275,37.5428705694081,126.972255573258
스타벅스 종로관수점,서울 종로구 삼일대로20길 13,37.5697524735629,126.988670425646
스타벅스 마포일진빌딩점,서울 마포구 마포대로 45 일진빌딩 1층,37.5404734621902,126.946373235502
스타벅스 서울아트센터점,서울 서초구 남부순환로 2395 호경빌딩 1층,37.4806718072509,127.012367234264
스타벅스 서울세관사거리점,서울 강남구 언주로 650 한국건설기술인협회,37.5149221371616,127.035755084423
스타벅스 강남대로신사점,서울 서초구 강남대로 595,37.5148563751516,127.019539877754
스타벅스 시청플러스점,서울 중구 을지로 19 삼성화재삼성빌딩 1층,37.5663064488484,126.979957145213
스타벅스 남부터미널점,서울 서초구 서초중앙로 26 서초동 삼성 래미안 아파트 유니빌1층,37.4846872089607,127.016991752076
스타벅스 하이브랜드점,서울 서초구 매헌로 16 하이브랜드 리빙관 101호,37.462467348157,127.036947909974
스타벅스 문화일보점,"서울 중구 새문안로 22 문화일보 1, 2층",37.5671292085624,126.968644839862
스타벅스 강남에비뉴점,서울 서초구 서초대로77길 62 강남역아이파크 1층 B102~B105호,37.5027308418076,127.023903040367
스타벅스 청계산입구역,서울 서초구 청계산로 203,37.4473249504426,127.056296409418
스타벅스 강남구청정문점,서울 강남구 학동로 419,37.5183056532077,127.045976388385
스타벅스 잠실푸르지오월드점,서울 송파구 올림픽로35가길 9,37.5174846188512,127.103444795508
스타벅스 천호이마트점,서울 강동구 천호대로 1015-14,37.5389750380622,127.125217751927
스타벅스 발산역사거리점,서울 강서구 공항대로 248,37.5584038640061,126.834893863585
스타벅스 묵동점,서울 중랑구 동일로 952 로프트원오피스텔 1층,37.6153331239502,127.076880465585
스타벅스 명동입구점,서울 중구 남대문로 68-1,37.5632323502622,126.982275208021
스타벅스 서강대점,서울 마포구 백범로 23 거구장컨벤션웨딩 1층,37.5524342152167,126.937558550565
스타벅스 연세종합관점,서울 서대문구 연세로 50-1 연세세브란스 종합관,37.5614057751829,126.940823392238
스타벅스 아크플레이스점,서울 강남구 테헤란로 142,37.4997440471512,127.034954751198
스타벅스 센트럴F1점,서울 서초구 신반포로 176,37.5039351769908,127.002413006799
스타벅스 마포경찰서후문점,서울 마포구 마포대로 173-14,37.55099812968,126.953625787034
스타벅스 구역삼사거리점,서울 강남구 논현로 401,37.495927321591,127.038901507867
스타벅스 주얼리시티점,서울 종로구 종로 183 주얼리시티 1층,37.5714414748387,126.998660420118
스타벅스 연세세브란스점,서울 중구 통일로 10,37.5570966597,126.973633761228
스타벅스 명동중앙로점,서울 중구 명동길 60,37.5637739596312,126.985753284029
스타벅스 월곡역점,서울 성북구 화랑로 76 1층 101-1호,37.6018277386458,127.040463515854
스타벅스 르네상스사거리점,서울 강남구 테헤란로 306 카이트타워 1층,37.5025952829367,127.044101954044
스타벅스 아크로힐스논현점,"서울 강남구 봉은사로 304 금강빌딩 1,2층",37.5089968994634,127.040393673483
스타벅스 금천구청역점,서울 금천구 시흥대로73길 67 엠타워 112~115호,37.4559425553098,126.895747370219
스타벅스 샛강역점,서울 영등포구 여의대방로 376,37.5181886056247,126.931354574177
스타벅스 삼성현대힐점,서울 강남구 삼성로 605,37.5134844497251,127.052717611728
스타벅스 서울타워점,서울 용산구 남산공원길 105 YTN서울타워 1층,37.5511225714939,126.987867837993
스타벅스 구로에이스점,서울 구로구 디지털로 285 에이스트윈타워1 103호,37.4844869911182,126.894506052909
스타벅스 성대입구점,서울 종로구 창경궁로 235,37.582972036022,126.998368345236
스타벅스 대한상공회의소R점,서울 중구 세종대로 39,37.5607136539523,126.973775321516
스타벅스 적선점,서울 종로구 새문안로5길 55 노스게이트빌딩 1층,37.5751282762119,126.973966674854
스타벅스 역삼대로점,서울 강남구 테헤란로 211 한국고등교육재단빌딩1층,37.5018865544268,127.03924172804
스타벅스 신압구정점,서울 강남구 언주로174길 29,37.5281188263201,127.036437572652
스타벅스 청담영동대로점,서울 강남구 영동대로 720 원일빌딩 1층,37.5221876728793,127.056460869043
스타벅스 독립문역점,서울 종로구 송월길 155,37.5717267174551,126.961625543187
스타벅스 동대입구역점,서울 중구 장충단로 166,37.5596497157976,127.006153920631
스타벅스 북촌로점,서울 종로구 북촌로4길 23 1층~3층,37.5794487466256,126.986467254784
스타벅스 충무로역점,서울 중구 퇴계로 197 충무빌딩 1층,37.5614541465376,126.993929572783
스타벅스 애오개역점,서울 마포구 마포대로 201,37.552196546223,126.955495945044
스타벅스 여의도화재보험점,서울 영등포구 국제금융로6길 38,37.5213851009398,126.925995325384
스타벅스 강남우성점,서울 강남구 강남대로 328 강남역쉐르빌,37.4924272855457,127.030921234166
스타벅스 구파발사거리점,서울 은평구 진관3로 21,37.6396025010646,126.919014455213
스타벅스 서강대흥역점,서울 마포구 백범로 89,37.5482673469943,126.941565375865
스타벅스 건국클래식,"서울 광진구 능동로 90 더클래식500 1층 C102,103호",37.5383625791299,127.070921773952
스타벅스 가양이마트점,서울 강서구 양천로 559 1층,37.558194814626,126.861817646457
스타벅스 가산에스케이점,서울 금천구 가산디지털1로 171,37.4807624025755,126.880678781517
스타벅스 SSG마켓도곡R점,서울 강남구 언주로30길 57 타워팰리스 F동 지하1층,37.4894751267354,127.054005831296
스타벅스 목동점,서울 양천구 목동서로 67,37.5363966169946,126.878549519127
스타벅스 선릉로점,서울 강남구 선릉로93길 22 대흥빌딩 1층,37.5049885992418,127.046743275216
스타벅스 당산대로점,서울 영등포구 양평로 22,37.5331572915693,126.903933458671
스타벅스 이대ECC점,서울 서대문구 대현동 11-1 이화여자대학교 B415호,37.5625610163664,126.947453369283
스타벅스 대치은마사거리점,서울 강남구 도곡로 457,37.499003535147,127.060178595462
스타벅스 소공로북창점,"서울 중구 세종대로18길 32 1층,2층",37.5637251873989,126.978936221032
스타벅스 종로관철점,서울 종로구 종로12길 21 2층,37.569083558387,126.986000507196
스타벅스 압구정미소점,서울 강남구 논현로 841 1층,37.5240635772647,127.027906923331
스타벅스 동국대점,서울 중구 서애로1길 11,37.5613425706769,126.998598124335
스타벅스 코엑스사거리점,서울 강남구 영동대로 616,37.5152493607324,127.060205437758
스타벅스 을지로2가점,서울 중구 삼일대로 358,37.5664890113878,126.988103724531
스타벅스 광교점,서울 종로구 청계천로 59,37.5689417829688,126.984186716723
스타벅스 압구정로점,서울 강남구 압구정로42길 32 1층,37.526839647124,127.034732418925
스타벅스 삼성점,서울 강남구 테헤란로 443 애플트리타워 1층,37.5069494959122,127.055596615858
스타벅스 한국프레스센터점,서울 중구 세종대로 124 한국프레스센터 1층,37.5674198878673,126.977873671097
스타벅스 국회대로점,서울 영등포구 국회대로 786,37.5302888565757,126.919600041211
스타벅스 외대점,서울 동대문구 휘경로 12-1,37.5957325089141,127.06140256497
스타벅스 경희궁로점,서울 종로구 새문안로3길 15,37.5717056482532,126.972300686793
스타벅스 도곡역점,서울 강남구 남부순환로 2909,37.4921823099018,127.057410744328
스타벅스 상암YTN점,서울 마포구 상암산로 76 YTN뉴스퀘어 1층,37.5791943482019,126.892314544858
스타벅스 건대스타시티,"서울 광진구 아차산로 272 1층 19,20,21호",37.5385582736952,127.072996184863
스타벅스 대치점,서울 강남구 도곡로 511,37.4996326317154,127.062238112663
스타벅스 연대동문점,서울 서대문구 성산로 565 연세재단 Y빌딩,37.5664180410327,126.946341059071
스타벅스 반포역점,서울 서초구 신반포로 257,37.5086202759588,127.011935946175
스타벅스 서초동점,서울 서초구 남부순환로339길 64 현우빌딩1층,37.4859259765406,127.021583627348
스타벅스 경복궁사거리점,서울 종로구 율곡로 6 트윈트리타워 B동 101호,37.5754538625026,126.979775832051
스타벅스 현대디큐브B2점,서울 구로구 경인로 662 지하2층,37.5081230677129,126.888212953215
스타벅스 충정타워점,서울 서대문구 서소문로 21 충정타워 1층,37.5598942603947,126.964085809305
스타벅스 은평이마트점,서울 은평구 은평로 111,37.6008254685415,126.920513478627
스타벅스 용산파크타워점,서울 용산구 서빙고로 67,37.5248628078572,126.970412727842
스타벅스 여의도의사당점,서울 영등포구 국회대로74길 12 남중빌딩 1층,37.5300892795837,126.921061507165
스타벅스 논현힐탑점,서울 강남구 논현로 648,37.5115963615318,127.032276924643
스타벅스 가든파이브점,서울 송파구 충민로 10 가든파이브툴,37.4786173172251,127.119106729654
스타벅스 명동역점,서울 중구 퇴계로 101,37.5608624903244,126.983104484742
스타벅스 올림픽훼미리점,서울 송파구 중대로 68 훼미리 샤르망 1층,37.4915653895479,127.116437188825
스타벅스 을지로내외빌딩R점,서울 중구 을지로 51,37.5664928978912,126.983681840765
스타벅스 여의도ABL타워점,서울 영등포구 의사당대로 147 여의도ABL타워 1층,37.5188219877864,126.927839304626
스타벅스 역삼아레나빌딩점,서울 강남구 언주로 425,37.5011172075922,127.043058269829
스타벅스 봉은사로선정릉점,서울 강남구 봉은사로 446,37.5113678090076,127.048516695265
스타벅스 교대법원점,서울 서초구 서초중앙로 164 1층,37.4963657224988,127.013378871592
스타벅스 황학캐슬점,서울 중구 청계천로 400 이마트 1층,37.5708105464699,127.021463886656
스타벅스 종로수송점,서울 종로구 종로5길 30,37.5716743442878,126.980703152578
스타벅스 동숭로아트점,서울 종로구 동숭길 110,37.5829709917231,127.003901728931
스타벅스 무교동점,서울 중구 무교로 21 코오롱 빌딩 1층,37.5678548680217,126.978742292002
스타벅스 새문안로점,"서울 종로구 새문안로 92 광화문 오피시아빌딩 1, 2층",37.5696996246023,126.974907969051
스타벅스 아현역점,서울 서대문구 신촌로35길 10 e편한세상신촌4단지 상가 1층,37.5586416507778,126.955972779768
스타벅스 성수낙낙점,서울 성동구 광나루로8길 31 성수SKV1 2동 1층 101~107호,37.5471881065539,127.066325845916
스타벅스 숭례문북창점,서울 중구 세종대로12길 12,37.5616267501713,126.976921027876
스타벅스 을지로한국빌딩점,서울 중구 을지로 50 1층,37.5656387039276,126.983325822024
스타벅스 역삼럭키점,서울 강남구 도곡로 183,37.4922351875816,127.039407878096
스타벅스 삼성도심공항점,서울 강남구 테헤란로87길 33 지상 1층,37.5098248337983,127.057926776835
스타벅스 대치사거리점,서울 강남구 삼성로 402,37.5033679636045,127.058834462033
스타벅스 하이테크시티점,서울 영등포구 경인로 775 에이스하이테크시티 1-105호,37.5147464245043,126.897536835727
스타벅스 연세백양로점,서울 서대문구 연세로 50,37.5638064365127,126.942930940634
스타벅스 서울극장점,서울 종로구 돈화문로 13 서울극장 1층,37.5696943384902,126.991665458622
스타벅스 서초파라곤점,서울 서초구 서초대로74길 29 서초파라곤 제1층 제106호,37.49494258899,127.027426341397
스타벅스 충정로역점,서울 서대문구 충정로3가 470,37.5612702015275,126.96301206879
스타벅스 뉴코아강남점,서울 서초구 잠원로 69 킴스클럽 1층,37.5102605018374,127.006970780391
스타벅스 구로NC,서울 구로구 구로중앙로 152,37.5011601442131,126.882773011925
스타벅스 가산브이타워점,서울 금천구 가산디지털1로 128,37.4772365189989,126.883695161966
스타벅스 여의도일신점,서울 영등포구 은행로 11,37.5279108261109,126.920238846351
스타벅스 월계트레이더스점,서울 노원구 마들로3길 17,37.6279457588432,127.06137524621
스타벅스 역삼포스코점,서울 강남구 테헤란로 134 포스코 P&S타워 1층,37.4993753300832,127.033803449711
스타벅스 엔터식스한양대점,서울 성동구 왕십리로 241 서울숲더샾 엔터식스내 지하 1층,37.5571543304982,127.04010502543
스타벅스 광화문우체국점,서울 종로구 종로 6,37.5698416253417,126.978096062325
스타벅스 예술의전당점,서울 서초구 남부순환로323길 1 1층,37.481137954971,127.013504028268
스타벅스 광장점,서울 광진구 아차산로 537-17 광장힐스테이트아파트 상가동 14호,37.5429620594914,127.099658987674
스타벅스 목동5단지점,서울 양천구 목동동로 411 부영그린타운3차 116호,37.5367262201569,126.882213637856
스타벅스 몽촌토성역점,서울 송파구 위례성대로 6,37.5168418632122,127.113151435777
스타벅스 대치역점,서울 강남구 남부순환로 2936 윈플러스상가 107호,37.4933489108525,127.06191661451
스타벅스 목동7단지점,서울 양천구 목동서로 213 세션비전프라자 1층 107호,37.5280169945095,126.870615708032
스타벅스 가산그레이트점,서울 금천구 디지털로9길 32 갑을 그레이트 밸리 1층,37.4795130993704,126.887511773421
스타벅스 숭례문점,서울 중구 세종대로 17 1층,37.5586298943445,126.973266976427
스타벅스 서소문점,서울 중구 서소문로 130 1층,37.5634153976887,126.975525126396
스타벅스 서소문로점,서울 중구 서소문로 120,37.5628683143675,126.974678797888
스타벅스 GS타워점,서울 강남구 논현로 508 GS타워 지하 1층,37.5019949322814,127.037336400239
스타벅스 큰길타워점,서울 강남구 테헤란로 223 큰길타워 1층,37.5024001842287,127.040672852455
스타벅스 이마빌딩점,서울 종로구 종로1길 42,37.5739029320481,126.978983502911
스타벅스 타임스퀘어R점,서울 영등포구 영중로 15,37.5172332566615,126.903715993779
스타벅스 포스코사거리,서울 강남구 테헤란로 505 화진빌딩,37.5075703071659,127.057440283692
스타벅스 신세계아이앤씨점,서울 구로구 디지털로31길 61 신세계 I&C 빌딩 1층,37.4859108732943,126.891541999768
스타벅스 용산리첸시아점,서울 용산구 백범로 341 102동 1층,37.5379386735674,126.967973433167
스타벅스 구로하이엔드점,서울 구로구 디지털로26길 5 에이스 하이엔드 타워,37.4816105919768,126.893479312123
스타벅스 현대목동점,서울 양천구 목동동로 257 현대백화점 목동점 지하 2층,37.5271978737652,126.874691181758
스타벅스 을지로삼화타워점,서울 중구 을지로5길 16 삼화타워 1층,37.5669500459178,126.984906351855
스타벅스 마포이마트점,서울 마포구 백범로 212 대우월드마크 공덕이마트2층,37.5424292575687,126.953366202288
스타벅스 회현역점,서울 중구 퇴계로 72,37.5591253443035,126.980603849217
스타벅스 W-mall점,서울 금천구 디지털로 188 B1,37.4773272277866,126.887676153817
스타벅스 여의도IFC몰(L1)R점,서울 영등포구 국제금융로 10,37.5251775245928,126.924876706923
스타벅스 묵동이마트점,서울 중랑구 동일로 932 지하1층,37.6138393830212,127.077557139207
스타벅스 압구정윤성빌딩점,서울 강남구 논현로 834,37.5228318275385,127.028614847468
스타벅스 경기대점,서울 서대문구 충정로 53 유원골든타워102호,37.5637512316327,126.964632683146
스타벅스 천호대로길동점,서울 강동구 천호대로 1131 거산유팰리스,37.534798519761,127.13723890201
스타벅스 목동파리공원점,서울 양천구 목동동로 377,37.5353386148924,126.878853892182
스타벅스 목동행복한점,서울 양천구 목동동로 309,37.5291435349019,126.876008647904
스타벅스 목동파라곤점,서울 양천구 목동서로 155 지하2층,37.5299956155624,126.875071951863
스타벅스 성수이마트,서울 성동구 뚝섬로 379,37.5399292282845,127.053494215652
스타벅스 롯데캐슬여의도점,서울 영등포구 의사당대로 127 롯데캐슬 엠파이어 1층 104호,37.5202405439146,126.926406742546
스타벅스 동숭길입구점,서울 종로구 대학로 146 혜화동씨티밸리 101호,37.5842489176,127.002029979851
스타벅스 당산역사거리점,서울 영등포구 양평로 47,37.5338722303791,126.90098183202
스타벅스 남산스테이트점,서울 중구 퇴계로 100 스테이트타워 남산 지하1층 B107호,37.5602069895052,126.982926486564
스타벅스 미아이마트점,서울 성북구 도봉로 17,37.6108552099076,127.029867413357
스타벅스 종로구청,서울 종로구 삼봉로 71,37.5726674875411,126.981114262989
스타벅스 태평로점,서울 중구 세종대로 72 대영빌딩 1층,37.562496007961,126.976799879203
스타벅스 스페이스본점,"서울 종로구 사직로8길 4 광화문 풍림 스페이스본 201동 109호,110호",37.5746540320628,126.968575235313
스타벅스 신사역성일빌딩점,서울 강남구 강남대로 584 성일빌딩 1층,37.5139353654432,127.020620522941
스타벅스 천호사거리점,서울 강동구 올림픽로 651,37.5397559555383,127.123313958545
스타벅스 목동트라팰리스점,서울 양천구 오목로 299,37.5260837006075,126.87035534357
스타벅스 남산단암점,서울 중구 소월로 10 단암빌딩,37.5585411616418,126.975411166003
스타벅스 봉은사역점,서울 강남구 봉은사로 619,37.5150273653092,127.063116769411
스타벅스 순화동더샵점,서울 중구 칠패로 27 포스코더# A동 102호,37.5602669008102,126.972035325682
스타벅스 포스코점,서울 강남구 삼성로86길 7 1층,37.5057744473143,127.057946040574
스타벅스 타임스퀘어점,서울 영등포구 영중로 15 2층,37.5172332566615,126.903715993779
스타벅스 소공로점,서울 중구 남대문로7길 19 삼영빌딩 1층,37.5637733439194,126.980774234134
스타벅스 순화동에이스점,서울 중구 통일로 92 1층,37.5635955637684,126.969222436022
